t_s,B_aplicado_T,M_proj,S
0.0023824752093819265,1.429485125629156e-05,0.3738601807931967,0.37395277476550054
0.004764950418763853,2.858970251258312e-05,0.37520737802800086,0.37529876818947255
0.007147425628145779,4.2884553768874674e-05,0.37749956755403025,0.37758908753064857
0.009529900837527706,5.717940502516624e-05,0.3807489383726792,0.38083608490483345
0.011912376046909633,7.14742562814578e-05,0.3849481979339891,0.38503266523396035
0.014294851256291558,8.576910753774935e-05,0.3900694223805974,0.39015112100404387
0.016677326465673485,0.00010006395879404091,0.39606291282774053,0.3961419718247743
0.019059801675055412,0.00011435881005033248,0.4028563033160482,0.4029330559649844
0.02144227688443734,0.00012865366130662405,0.4103542217994807,0.4104291763792169
0.023824752093819266,0.0001429485125629156,0.41843883587938757,0.41851263342486106
0.026207227303201193,0.00015724336381920715,0.4269716036979142,0.42704496450987794
0.028589702512583116,0.0001715382150754987,0.4357964833141287,0.4358701435941149
0.030972177721965043,0.00018583306633179026,0.44474472500812257,0.4448193651960366
0.03335465293134697,0.00020012791758808183,0.4536411881025893,0.4537173562012799
0.0357371281407289,0.00021442276884437342,0.4623119110560207,0.46238994775745973
0.038119603350110824,0.00022871762010066496,0.4705924576659691,0.4706724345721
0.04050207855949275,0.0002430124713569565,0.47833640391831017,0.4784180893991707
0.04288455376887468,0.0002573073226132481,0.4854232516975972,0.4855061183085107
0.0452670289782566,0.0002716021738695396,0.4917650709342178,0.4918483523121848
0.04764950418763853,0.0002858970251258312,0.49731127205054093,0.4973940668488185
0.050031979397020455,0.00030019187638212274,0.5020510702535184,0.5021324795532123
0.052414454606402386,0.0003144867276384143,0.5060133942188453,0.5060926714994651
0.05479692981578431,0.0003287815788947059,0.5092641988053692,0.5093408910212199
0.05717940502516623,0.0003430764301509974,0.511901365913387,0.5119754306385391
0.05956188023454816,0.000357371281407289,0.5140476203096915,0.514119514888906
0.06194435544393009,0.0003716661326635805,0.5158421215319575,0.5159128724961527
0.06432683065331202,0.0003859609839198721,0.5174315566522573,0.5175028286775482
0.06670930586269394,0.00040025583517616366,0.5189615848363749,0.5190357760935679
0.06909178107207586,0.00041455068643245517,0.5205693522730381,0.5206497445051517
0.0714742562814578,0.00042884553768874684,0.5223775529381257,0.5224685369232539
0.07385673149083972,0.00044314038894503836,0.5244902426674084,0.5245976214205714
0.07623920670022165,0.0004574352402013299,0.526990387905242,0.5271217340174232
0.07862168190960357,0.00047173009145762144,0.5299389630977686,0.5301039807047286
0.0810041571189855,0.000486024942713913,0.5333752873033029,0.5335861120777124
0.08338663232836743,0.0005003197939702046,0.5373182056479169,0.5375895724478736
0.08576910753774936,0.0005146146452264962,0.5417676978490855,0.5421169130342237
0.08815158274713128,0.0005289094964827876,0.5467065677527038,0.5471532352480883
0.0905340579565132,0.0005432043477390792,0.5521020421363981,0.5526675039939726
0.09291653316589514,0.0005574991989953709,0.5579073411265776,0.55861380550574
0.09529900837527706,0.0005717940502516623,0.5640634901396715,0.564932839644899
0.09768148358465899,0.0005860889015079539,0.5705017301467317,0.5715540406269478
0.10006395879404091,0.0006003837527642455,0.577146794252047,0.5783986521112451
0.10244643400342283,0.000614678604020537,0.5839210713511553,0.5853838471476168
0.10482890921280477,0.0006289734552768286,0.5907493602598299,0.5924276550263085
0.1072113844221867,0.0006432683065331202,0.5975636502791972,0.5994541498298505
0.10959385963156862,0.0006575631577894118,0.604307241752621,0.6063981739530937
0.11197633484095054,0.0006718580090457033,0.6109375720495055,0.6132088668861763
0.11435881005033247,0.0006861528603019948,0.6174273020264157,0.6198514343157487
0.1167412852597144,0.0007004477115582865,0.6237634803784131,0.6263068719460885
0.11912376046909633,0.000714742562814578,0.6299448896191158,0.6325696933803965
0.12150623567847825,0.0007290374140708695,0.6359779713893653,0.6386440599054347
0.12388871088786017,0.000743332265327161,0.641872020229252,0.6445390368556309
0.1262711860972421,0.0007576271165834527,0.647634573391347,0.6502639445616125
0.12865366130662403,0.0007719219678397442,0.6532680010976858,0.6558248274453007
0.13103613651600596,0.0007862168190960357,0.65876809803262,0.661222828045564
0.13341861172538788,0.0008005116703523273,0.6641249604735594,0.6664547099949182
0.1358010869347698,0.0008148065216086189,0.6693257301448119,0.6715150709121189
0.13818356214415173,0.0008291013728649103,0.6743581543217126,0.6763991949572505
0.14056603735353365,0.0008433962241212019,0.6792136205857957,0.6811052775079777
0.1429485125629156,0.0008576910753774937,0.6838885119286559,0.6856350158205007
0.14533098777229753,0.0008719859266337851,0.6883833337679591,0.6899921958455076
0.14771346298167945,0.0008862807778900767,0.6926998638747831,0.6941796684125493
0.15009593819106137,0.0009005756291463683,0.6968372702276523,0.6981957134068916
0.1524784134004433,0.0009148704804026598,0.7007884654239825,0.7020310099812965
0.15486088860982522,0.0009291653316589513,0.7045378045100316,0.7056671786826856
0.15724336381920714,0.0009434601829152429,0.7080607085274583,0.7090772740900775
0.15962583902858907,0.0009577550341715344,0.7113252303930179,0.7122280208152405
0.162008314237971,0.000972049885427826,0.7142952850949186,0.7150833384505122
0.16439078944735294,0.0009863447366841177,0.7169353012480677,0.7176088612702048
0.16677326465673487,0.0010006395879404092,0.7192161621721178,0.7197774343988932
0.1691557398661168,0.0010149344391967008,0.7211221277391994,0.7215755135040653
0.1715382150754987,0.0010292292904529924,0.7226578072108987,0.7230097820928026
0.17392069028488064,0.0010435241417092837,0.7238534495954465,0.7241123852931133
0.17630316549426256,0.0010578189929655753,0.7247664405870902,0.7249426348795331
0.17868564070364448,0.0010721138442218669,0.7254775092776847,0.725583519162694
0.1810681159130264,0.0010864086954781584,0.7260817623429898,0.7261329192768251
0.18345059112240833,0.00110070354673445,0.7266765363826495,0.7266913580200647
0.18583306633179028,0.0011149983979907418,0.7273491365335795,0.727349307424041
0.1882155415411722,0.0011292932492470333,0.7281672438698089,0.7281769415456756
0.19059801675055413,0.0011435881005033247,0.729173482806374,0.7292180417773896
0.19298049195993605,0.0011578829517596163,0.7303842771801954,0.7304884243906065
0.19536296716931797,0.0011721778030159078,0.7317924066976869,0.7319784567578418
0.1977454423786999,0.0011864726542721994,0.7333726004589787,0.7336589858505346
0.20012791758808182,0.001200767505528491,0.7350895256788568,0.7354898553897709
0.20251039279746375,0.0012150623567847825,0.7369071528178728,0.7374297351342834
0.20489286800684567,0.001229357208041074,0.738797714151998,0.7394452904784568
0.20727534321622762,0.0012436520592973657,0.7407478387193496,0.7415172741652749
0.20965781842560954,0.0012579469105536572,0.7427595872018248,0.7436414679922339
0.21204029363499147,0.0012722417618099488,0.744845331148705,0.7458237190922109
0.2144227688443734,0.0012865366130662404,0.7470174273073905,0.748070231077778
0.2168052440537553,0.001300831464322532,0.7492756281201696,0.7503760172201912
0.21918771926313724,0.0013151263155788235,0.7515962455375057,0.752715237520913
0.22157019447251916,0.001329421166835115,0.7539267615751558,0.7550366847767969
0.22395266968190108,0.0013437160180914066,0.7561880299589254,0.7572661929249673
0.226335144891283,0.001358010869347698,0.7582840405697339,0.7593157791208268
0.22871762010066493,0.0013723057206039896,0.7601170420282856,0.7610974363150104
0.23110009531004688,0.0013866005718602813,0.761604206665517,0.7625381352293475
0.2334825705194288,0.001400895423116573,0.7626916373317073,0.7635923147514956
0.23586504572881073,0.0014151902743728645,0.7633627917326735,0.7642492859671928
0.23824752093819265,0.001429485125629156,0.7636408266264781,0.7645350969065378
0.24062999614757458,0.0014437799768854474,0.7635864592746348,0.7645102395417183
0.2430124713569565,0.001458074828141739,0.7632934089702982,0.7642650266072617
0.24539494656633842,0.0014723696793980305,0.7628823537490504,0.7639135419220799
0.24777742177572035,0.001486664530654322,0.7624928126839624,0.7635857670140175
0.25015989698510227,0.0015009593819106137,0.7622716730370392,0.7634168572977985
0.2525423721944842,0.0015152542331669054,0.7623577168459085,0.7635330487366407
0.2549248474038661,0.0015295490844231968,0.7628632122214409,0.7640351591182746
0.25730732261324807,0.0015438439356794884,0.763855690041099,0.7649824849468951
0.25968979782262996,0.00155813878693578,0.7653444546295753,0.7663811935031062
0.2620722730320119,0.0015724336381920715,0.7672762884633423,0.7681812200886803
0.26445474824139387,0.0015867284894483633,0.7695428347426885,0.770283821784983
0.26683722345077576,0.0016010233407046546,0.7719987653660051,0.7725587524064724
0.2692196986601577,0.0016153181919609464,0.7744863956373561,0.7748667930925283
0.2716021738695396,0.0016296130432172378,0.7768604859338444,0.7770816721480324
0.27398464907892156,0.0016439078944735293,0.7790074436952881,0.7791060965232286
0.27636712428830346,0.0016582027457298207,0.7808555132957263,0.7808791738581612
0.2787495994976854,0.0016724975969861125,0.7823754308620369,0.7823754541362691
0.2811320747070673,0.0016867924482424038,0.78357332156741,0.7835979179520496
0.28351454991644925,0.0017010872994986956,0.7844790582967945,0.7845681510740696
0.2858970251258312,0.0017153821507549874,0.785133914523353,0.7853168922182421
0.2882795003352131,0.0017296770020112787,0.7855809326139618,0.7858773178904845
0.29066197554459505,0.0017439718532675703,0.785859939451544,0.78628205504292
0.29304445075397695,0.0017582667045238616,0.7860072329893072,0.7865635376406351
0.2954269259633589,0.0017725615557801534,0.7860586582281539,0.7867565932833583
0.2978094011727408,0.0017868564070364448,0.7860545228346545,0.786902192736645
0.30019187638212275,0.0018011512582927366,0.7860450520575406,0.7870515552732371
0.30257435159150464,0.001815446109549028,0.7860950093900627,0.7872695668194032
0.3049568268008866,0.0018297409608053197,0.7862855189518289,0.7876356873556988
0.30733930201026854,0.0018440358120616113,0.7867108656321542,0.7882401346931882
0.30972177721965044,0.0018583306633179026,0.7874692838846539,0.789174331660983
0.3121042524290324,0.0018726255145741944,0.788649428957773,0.790517332748748
0.3144867276384143,0.0018869203658304857,0.7903163536674724,0.7923221469041921
0.31686920284779624,0.0019012152170867775,0.7925000880644316,0.7946051777648047
0.31925167805717813,0.0019155100683430689,0.7951867371229373,0.7973387756446689
0.3216341532665601,0.0019298049195993607,0.798309956562542,0.8004447298268175
0.324016628475942,0.001944099770855652,0.8017427256747705,0.803788434872155
0.32639910368532393,0.0019583946221119436,0.8052940092323272,0.8071779437782799
0.3287815788947059,0.0019726894733682354,0.8087174178961567,0.8103744067001007
0.3311640541040878,0.0019869843246245267,0.8117362501888227,0.813117501090981
0.33354652931346973,0.0020012791758808185,0.814082598205701,0.8151629009781288
0.3359290045228516,0.00201557402713711,0.8155414076055112,0.8163226812381174
0.3383114797322336,0.0020298688783934016,0.815987119751207,0.8164972264358721
0.3406939549416155,0.002044163729649693,0.8154026672339338,0.8156899880477887
0.3430764301509974,0.0020584585809059848,0.8138774734110431,0.8140031356372986
0.3454589053603793,0.002072753432162276,0.8115891431299557,0.8116192942204883
0.34784138056976127,0.0020870482834185675,0.8087779659417299,0.8087779817019563
0.3502238557791432,0.0021013431346748592,0.8057218398641033,0.8057532495746267
0.3526063309885251,0.0021156379859311506,0.8027138890004024,0.8028336571675543
0.35498880619790707,0.0021299328371874424,0.8000406362723352,0.8003016543630602
0.35737128140728897,0.0021442276884437337,0.7979584917780309,0.7984098588560684
0.3597537566166709,0.0021585225397000255,0.7966700630656978,0.7973559521102841
0.3621362318260528,0.002172817390956317,0.7963056898678418,0.7972622084732496
0.36451870703543476,0.0021871122422126086,0.7969156427831362,0.7981659779979355
0.36690118224481666,0.0022014070934689,0.7984736821710561,0.8000227611510045
0.3692836574541986,0.0022157019447251918,0.8008868419732883,0.8027173414351484
0.37166613266358056,0.0022299967959814836,0.8040050164398732,0.8060763333235801
0.37404860787296246,0.002244291647237775,0.8076289184788032,0.8098796088051387
0.3764310830823444,0.0022585864984940667,0.8115212788982425,0.8138742054363823
0.3788135582917263,0.002272881349750358,0.8154270075800426,0.817795990644523
0.38119603350110826,0.0022871762010066494,0.8191023069853784,0.8213995911275481
0.38357850871049015,0.0023014710522629407,0.822345700876718,0.8244900788176748
0.3859609839198721,0.0023157659035192325,0.8250214254943496,0.8269464395562935
0.388343459129254,0.002330060754775524,0.8270689433050958,0.8287294678556875
0.39072593433863595,0.0023443556060318157,0.8284983039982008,0.8298733304203504
0.3931084095480179,0.0023586504572881074,0.8293753094860824,0.8304658872740605
0.3954908847573998,0.002372945308544399,0.8298008896769531,0.8306243992806102
0.39787335996678175,0.0023872401598006906,0.8298874675842915,0.8304711077152445
0.40025583517616364,0.002401535011056982,0.8297348118034334,0.8301112134566451
0.4026383103855456,0.0024158298623132737,0.829410036525818,0.8296164726646649
0.4050207855949275,0.002430124713569565,0.8289381171297318,0.8290189164429523
0.40740326080430944,0.002444419564825857,0.8283071844581734,0.8283175358452807
0.40978573601369134,0.002458714416082148,0.8274876065767629,0.827496240657153
0.4121682112230733,0.00247300926733844,0.8264589677969457,0.8265472769532036
0.41455068643245524,0.0024873041185947313,0.8252361297271332,0.825492261749562
0.41693316164183714,0.0025015989698510227,0.8238841232437261,0.8243924246973305
0.4193156368512191,0.0025158938211073145,0.8225130752549161,0.8233413568084161
0.421698112060601,0.002530188672363606,0.8212516828972616,0.8224400169184798
0.42408058726998293,0.0025444835236198976,0.8202094807188308,0.8217637829543831
0.42646306247936483,0.002558778374876189,0.8194465226452826,0.8213382045342611
0.4288455376887468,0.0025730732261324807,0.8189669479743436,0.8211376327216681
0.4312280128981287,0.002587368077388772,0.8187409380489619,0.8211099552536175
0.4336104881075106,0.002601662928645064,0.8187452257931855,0.8212178621612042
0.4359929633168926,0.0026159577799013557,0.8190032174200945,0.8214788597035672
0.4383754385262745,0.002630252631157647,0.8196055831783104,0.8219857867994811
0.4407579137356564,0.002644547482413939,0.8207003841794384,0.8228969100978918
0.4431403889450383,0.00265884233367023,0.82245469465854,0.8243969224414814
0.4455228641544203,0.0026731371849265215,0.8250012945551068,0.8266417762887102
0.44790533936380217,0.0026874320361828133,0.8283885858795795,0.8297054036762813
0.4502878145731841,0.0027017268874391046,0.8325475907446606,0.8335429546493754
0.452670289782566,0.002716021738695396,0.8372809677672696,0.8379770203406499
0.45505276499194797,0.0027303165899516878,0.8422726849117943,0.8427068854852937
0.45743524020132986,0.002744611441207979,0.8471162905096875,0.8473388385908109
0.4598177154107118,0.002758906292464271,0.8513605407993116,0.8514346805376473
0.46220019062009376,0.0027732011437205627,0.8545688420025757,0.8545725314529425
0.46458266582947566,0.002787495994976854,0.8563845910261361,0.8564105072352595
0.4669651410388576,0.002801790846233146,0.856591087810693,0.8567422401612272
0.4693476162482395,0.002816085697489437,0.8551520784436716,0.8555320676702279
0.47173009145762146,0.002830380548745729,0.8522181933794338,0.8529172115477662
0.47411256666700335,0.0028446754000020203,0.8480922669353432,0.8491715636445066
0.4764950418763853,0.002858970251258312,0.8431655762262111,0.844644370004734
0.4788775170857672,0.0028732651025146034,0.8378547861032669,0.8397041635783902
0.48125999229514915,0.0028875599537708948,0.8325672725242808,0.8347143462105524
0.4836424675045311,0.0029018548050271866,0.8276989889963978,0.8300409893654104
0.486024942713913,0.002916149656283478,0.8236443757231173,0.8260680430351808
0.48840741792329495,0.0029304445075397697,0.8207924159767428,0.823191881029629
0.49078989313267685,0.002944739358796061,0.8194968777965017,0.8217847157489453
0.4931723683420588,0.002959034210052353,0.8200264034257796,0.8221364613647643
0.4955548435514407,0.002973329061308644,0.8225092824865624,0.8243935173376099
0.49793731876082264,0.002987623912564936,0.8268879490898751,0.8285111636216038
0.5003197939702045,0.0030019187638212273,0.8328944488594999,0.8342305605760686
0.5027022691795865,0.003016213615077519,0.840054275326994,0.8410864498651304
0.5050847443889684,0.003030508466333811,0.847723094968558,0.8484483358652299
0.5074672195983504,0.0030448033175901022,0.8551569696515241,0.8555939158387592
0.5098496948077322,0.0030590981688463936,0.8616093130115285,0.8618065078519703
0.5122321700171142,0.0030733930201026854,0.866438509530569,0.8664797235925706
0.5146146452264961,0.0030876878713589767,0.8692039792905275,0.8692072319049221
0.5169971204358781,0.0031019827226152685,0.8697286400122954,0.8698360654117565
0.5193795956452599,0.00311627757387156,0.8681117368921645,0.8684689028540086
0.5217620708546419,0.003130572425127851,0.8646876742318583,0.865414610488089
0.5241445460640238,0.003144867276384143,0.859943631963209,0.8611053658530413
0.5265270212734058,0.0031591621276404348,0.8544252929553383,0.8560136528965117
0.5289094964827877,0.0031734569788967265,0.8486641718515466,0.8506004566150989
0.5312919716921696,0.0031877518301530175,0.8431453358747469,0.8453043263066421
0.5336744469015515,0.0032020466814093092,0.8383084935099611,0.8405535137726794
0.5360569221109335,0.003216341532665601,0.834556050733005,0.8367700521033925
0.5384393973203154,0.003230636383921893,0.8322421033793412,0.8343439871386061
0.5408218725296973,0.0032449312351781837,0.8316347493100451,0.8335790609420448
0.5432043477390792,0.0032592260864344755,0.8328662214817695,0.8346314391520969
0.5455868229484612,0.0032735209376907673,0.8358959477333174,0.8374690869909865
0.5479692981578431,0.0032878157889470586,0.8405041567046632,0.8418686140358996
0.5503517733672251,0.0033021106402033504,0.8463142829625309,0.8474456882596699
0.5527342485766069,0.0033164054914596413,0.8528280968899853,0.8536999903467061
0.5551167237859889,0.003330700342715933,0.8594613291859793,0.8600587614567569
0.5574991989953708,0.003344995193972225,0.8655834742146513,0.8659191811570088
0.5598816742047528,0.0033592900452285167,0.8705747983531128,0.8707011651994018
0.5622641494141346,0.0033735848964848076,0.8739060651347808,0.8739175761622067
0.5646466246235166,0.0033878797477410994,0.8752284368153795,0.8752528345828895
0.5670290998328985,0.003402174598997391,0.8744465717926269,0.8746264655372743
0.5694115750422805,0.003416469450253683,0.8717465153028232,0.8722152663136883
0.5717940502516624,0.0034307643015099747,0.8675616256607301,0.8684183048251203
0.5741765254610443,0.0034450591527662657,0.8624800662902927,0.8637689139095137
0.5765590006704262,0.0034593540040225574,0.8571211814684547,0.8588209228528333
0.5789414758798082,0.003473648855278849,0.8520254118229209,0.8540519619576837
0.5813239510891901,0.0034879437065351406,0.8475985334678805,0.8498210638541048
0.583706426298572,0.003502238557791432,0.8441213450048534,0.8463876734310687
0.5860889015079539,0.0035165334090477233,0.8417981564652837,0.8439625073359606
0.5884713767173358,0.003530828260304015,0.8407988104012157,0.8427444386198084
0.5908538519267178,0.003545123111560307,0.8412617920128008,0.8429133053459525
0.5932363271360998,0.0035594179628165986,0.8432580540217356,0.844582503320232
0.5956188023454816,0.0035737128140728896,0.846741573874152,0.8477412693394545
0.5980012775548635,0.0035880076653291813,0.8515165569558661,0.8522184015941906
0.6003837527642455,0.003602302516585473,0.8572357807576073,0.8576815597184727
0.6027662279736274,0.003616597367841765,0.8634263460162941,0.8636667187695369
0.6051487031830093,0.003630892219098056,0.8695314516047209,0.8696242967345421
0.6075311783923912,0.0036451870703543476,0.8749609823347351,0.87497297680025
0.6099136536017732,0.0036594819216106394,0.8791522505300869,0.8791614835657343
0.6122961288111551,0.0036737767728669307,0.8816453149324956,0.8817421362515191
0.6146786040205371,0.0036880716241232225,0.88216736772075,0.8824502883743575
0.6170610792299189,0.003702366475379514,0.8807015216955757,0.8812654967601438
0.6194435544393009,0.0037166613266358052,0.8775060922217005,0.8784232595148188
0.6218260296486828,0.003730956177892097,0.8730667173019714,0.8743644225491842
0.6242085048580648,0.003745251029148389,0.8679955004585429,0.8696401892070049
0.6265909800674466,0.0037595458804046797,0.8629145410670592,0.8648097244570422
0.6289734552768286,0.0037738407316609715,0.8583631476140429,0.86036505731228
0.6313559304862105,0.0037881355829172633,0.8547515993297625,0.8566993807861222
0.6337384056955925,0.003802430434173555,0.8523591207040888,0.8541099738725387
0.6361208809049744,0.003816725285429847,0.8513526689349734,0.8528095161809153
0.6385033561143563,0.0038310201366861378,0.8517982636466226,0.8529209292465177
0.6408858313237382,0.0038453149879424295,0.8536515275444801,0.8544505448465659
0.6432683065331202,0.0038596098391987213,0.8567387769734499,0.8572584503778123
0.6456507817425021,0.0038739046904550127,0.8607544360585555,0.8610543414914672
0.648033256951884,0.003888199541711304,0.865291552815295,0.8654333475878385
0.6504157321612659,0.0039024943929675954,0.8698983244782978,0.8699406431418195
0.6527982073706479,0.003916789244223887,0.8741374627277649,0.874138372524996
0.6551806825800298,0.003931084095480179,0.8776297329657874,0.8776539711029497
0.6575631577894118,0.003945378946736471,0.8800793624845054,0.8802053185966442
0.6599456329987936,0.003959673797992762,0.8812903052701816,0.8816095530828254
0.6623281082081756,0.003973968649249053,0.8811819368948034,0.8817848173112753
0.6647105834175575,0.003988263500505345,0.8798057952692327,0.8807532453924642
0.6670930586269395,0.004002558351761637,0.8773580436584026,0.878650728875306
0.6694755338363213,0.004016853203017928,0.8741776695451625,0.875740121089224
0.6718580090457033,0.00403114805427422,0.8707185331970844,0.8724107374736688
0.6742404842550852,0.0040454429055305115,0.8674876456033063,0.8691416260632642
0.6766229594644672,0.004059737756786803,0.8649569958283542,0.8664223851090751
0.6790054346738491,0.004074032608043095,0.8634756879554917,0.86465502561246
0.681387909883231,0.004088327459299386,0.8632144325423071,0.8640761161057239
0.6837703850926129,0.004102622310555678,0.8641573530682091,0.864726040754226
0.6861528603019948,0.0041169171618119695,0.866131948599336,0.866465830608381
0.6885353355113768,0.004131212013068261,0.8688555660261467,0.8690227562335656
0.6909178107207586,0.004145506864324552,0.8719796342046089,0.8720424348329373
0.6933002859301406,0.004159801715580844,0.8751243655641937,0.8751343775014596
0.6956827611395225,0.004174096566837135,0.8779080551308348,0.8779105770317995
0.6980652363489045,0.004188391418093427,0.8799810441840437,0.8800247518848806
0.7004477115582864,0.0042026862693497185,0.881073204129427,0.8812194653024308
0.7028301867676683,0.004216981120606009,0.8810544778306791,0.8813789752480425
0.7052126619770502,0.004231275971862301,0.8799916657805863,0.880571494658146
0.7075951371864322,0.004245570823118593,0.8781697175016593,0.8790555781565003
0.7099776123958141,0.004259865674374885,0.8760466596749146,0.8772312356805412
0.712360087605196,0.004274160525631176,0.8741370969906164,0.87553863469833
0.7147425628145779,0.0042884553768874675,0.8728619676160592,0.8743374478373688
0.7171250380239599,0.004302750228143759,0.8724348994881862,0.8738208258404927
0.7195075132333418,0.004317045079400051,0.8728451806140449,0.8740072721670283
0.7218899884427238,0.004331339930656343,0.8739357565096328,0.874803794420455
0.7242724636521056,0.004345634781912634,0.875506484523926,0.8760804136883463
0.7266549388614876,0.0043599296331689255,0.8773671099218987,0.877697661118515
0.7290374140708695,0.004374224484425217,0.8793290904791533,0.8794882432711207
0.7314198892802515,0.004388519335681509,0.8811843150454436,0.8812410615749079
0.7338023644896333,0.0044028141869378,0.8827102497202334,0.8827190993257049
0.7361848396990153,0.004417109038194092,0.8836963517104007,0.8836978377055373
0.7385673149083972,0.0044314038894503836,0.883971361146703,0.8839997695405032
0.7409497901177792,0.004445698740706675,0.8834322215649985,0.883525185370877
0.7433322653271611,0.004459993591962967,0.8820876792298057,0.8822924686441698
0.745714740536543,0.004474288443219258,0.880109483116926,0.8804806739346812
0.7480972157459249,0.00448858329447555,0.877856354637158,0.8784414735408013
0.7504796909553069,0.004502878145731842,0.8758334419645031,0.876649874737175
0.7528621661646888,0.004517172996988133,0.8745777061977006,0.8755926997328618
0.7552446413740707,0.004531467848244424,0.874499230349809,0.8756270067192551
0.7576271165834526,0.004545762699500716,0.8757380950479294,0.8768594185987476
0.7600095917928346,0.004560057550757008,0.878101497080539,0.8790975223662958
0.7623920670022165,0.004574352402013299,0.8811195785366488,0.881904467703755
0.7647745422115985,0.004588647253269591,0.8842052317291216,0.8847449692483773
0.7671570174209803,0.0046029421045258815,0.8868460323034322,0.887158822167947
0.7695394926303623,0.004617236955782173,0.8887340435452376,0.8888750388684037
0.7719219678397442,0.004631531807038465,0.8897771481565274,0.8898158500999234
0.7743044430491262,0.004645826658294757,0.8900136775594117,0.8900146561258135
0.776686918258508,0.004660121509551048,0.8895095478410809,0.8895237008986722
0.77906939346789,0.0046744163608073395,0.8883095558390397,0.8883758881165241
0.7814518686772719,0.004688711212063631,0.8864619820708556,0.886614295984911
0.7838343438866539,0.004703006063319923,0.8840885644838024,0.8843602280320908
0.7862168190960358,0.004717300914576215,0.8814508387811446,0.8818728337422268
0.7885992943054176,0.004731595765832506,0.8789638593458009,0.8795552332558446
0.7909817695147996,0.004745890617088798,0.8771300164521318,0.877884932330135
0.7933642447241815,0.004760185468345089,0.8764073433294343,0.8772867586665499
0.7957467199335635,0.004774480319601381,0.8770654191951033,0.8780003483339711
0.7981291951429453,0.004788775170857672,0.8790903621479935,0.8799971576371737
0.8005116703523273,0.004803070022113964,0.8821765271429897,0.8829774199796877
0.8028941455617092,0.004817364873370256,0.8858071195560261,0.8864470950882574
0.8052766207710912,0.0048316597246265474,0.8893952592394563,0.8898502231147216
0.8076590959804731,0.004845954575882839,0.8924338016060716,0.8927106667355077
0.810041571189855,0.00486024942713913,0.8945940232448448,0.8947257690563339
0.8124240463992369,0.004874544278395422,0.8957380453499898,0.8957754297305046
0.8148065216086189,0.004888839129651714,0.8958644441298064,0.8958651090661014
0.8171889968180008,0.0049031339809080055,0.8950470394882908,0.8950647035481705
0.8195714720273827,0.004917428832164296,0.8934133723303469,0.8934913130518856
0.8219539472367646,0.004931723683420588,0.8911604220256689,0.8913308151361881
0.8243364224461466,0.00494601853467688,0.8885724598544799,0.8888584501158224
0.8267188976555285,0.004960313385933171,0.8860095290200127,0.8864251641317488
0.8291013728649105,0.004974608237189463,0.8838575386924958,0.884403502856623
0.8314838480742923,0.0049889030884457545,0.8824539712543619,0.8831117296706124
0.8338663232836743,0.005003197939702045,0.882017146166468,0.8827466851822525
0.8362487984930562,0.005017492790958337,0.882604405377822,0.8833490764021671
0.8386312737024382,0.005031787642214629,0.8841087546121922,0.8848063872728308
0.84101374891182,0.00504608249347092,0.8862905223686377,0.8868865775553579
0.843396224121202,0.005060377344727212,0.888837441626398,0.8892955603366954
0.8457786993305839,0.005074672195983503,0.8914404156858536,0.8917478581946895
0.8481611745399659,0.005088967047239795,0.8938547736780211,0.8940230848995858
0.8505436497493478,0.005103261898496087,0.8959094485068897,0.8959719240005245
0.8529261249587297,0.005117556749752378,0.8974603646415154,0.8974668189761804
0.8553086001681116,0.00513185160100867,0.8983436518538138,0.8983518311927319
0.8576910753774936,0.0051461464522649615,0.8983978765119222,0.8984622147702747
0.8600735505868755,0.005160441303521253,0.8975554334482431,0.8977167968360389
0.8624560257962574,0.005174736154777544,0.8959221773460112,0.8962027570143918
0.8648385010056393,0.005189031006033836,0.8937710955396119,0.8941750517530371
0.8672209762150213,0.005203325857290128,0.8914605591978583,0.8919771676678369
0.8696034514244032,0.0052176207085464195,0.88934458167311,0.8899506550445672
0.8719859266337852,0.005231915559802711,0.8877201732150225,0.8883814340538619
0.874368401843167,0.005246210411059002,0.8868066759662214,0.8874798538056657
0.876750877052549,0.005260505262315294,0.8867327790133888,0.8873700653616327
0.8791333522619309,0.005274800113571586,0.887522132030718,0.8880782184692758
0.8815158274713129,0.005289094964827878,0.8890882326043591,0.8895285617869263
0.8838983026806947,0.0053033898160841685,0.8912515462908981,0.8915593189974043
0.8862807778900766,0.00531768466734046,0.8937773448359829,0.893957020221603
0.8886632530994586,0.005331979518596752,0.8964133493666009,0.8964898672275939
0.8910457283088405,0.005346274369853043,0.8989010523687375,0.8989153535750558
0.8934282035182225,0.005360569221109335,0.900963955564872,0.9009655362239983
0.8958106787276043,0.0053748640723656265,0.9023167803690254,0.9023542639672724
0.8981931539369863,0.0053891589236219175,0.9027278714692224,0.9028402113266135
0.9005756291463682,0.005403453774878209,0.9021039805969567,0.9023156462448075
0.9029581043557502,0.005417748626134501,0.9005384015042273,0.9008591131635224
0.905340579565132,0.005432043477390792,0.8982996395236094,0.8987257794357281
0.907723054774514,0.005446338328647084,0.895775706409147,0.8962908078909297
0.9101055299838959,0.0054606331799033755,0.8933966515204304,0.8939711335329269
0.9124880051932779,0.005474928031159667,0.8915560690639225,0.8921482399153449
0.9148704804026597,0.005489222882415958,0.8905476108653496,0.8911081334283268
0.9172529556120417,0.00550351773367225,0.8905234325307123,0.8910041119332699
0.9196354308214236,0.005517812584928542,0.8914760461935868,0.8918411268406745
0.9220179060308056,0.0055321074361848336,0.8932457192860874,0.8934814920425828
0.9244003812401875,0.005546402287441125,0.8955567502472743,0.8956753744940481
0.9267828564495694,0.005560697138697416,0.8980776270552905,0.8981136630893953
0.9291653316589513,0.005574991989953708,0.9004822990756661,0.9004833102777241
0.9315478068683333,0.00558928684121,0.90248666185791,0.9025010505887936
0.9339302820777152,0.005603581692466292,0.9038607456242695,0.9039271319852757
0.9363127572870971,0.0056178765437225825,0.9044436435623097,0.9045859486981758
0.938695232496479,0.005632171394978874,0.9041771973931967,0.9044065080374055
0.941077707705861,0.005646466246235166,0.9031379192087456,0.9034575033492508
0.9434601829152429,0.005660761097491458,0.9015370820758645,0.9019447903962978
0.9458426581246249,0.00567505594874775,0.8996886982119762,0.9001736073764349
0.9482251333340067,0.005689350800004041,0.8979608944267296,0.8984966821738065
0.9506076085433887,0.005703645651260332,0.8967095634794441,0.8972516837377893
0.9529900837527706,0.005717940502516624,0.8961933002840142,0.8966861647858818
0.9553725589621526,0.005732235353772915,0.896496281238202,0.8968896644160405
0.9577550341715344,0.005746530205029207,0.8974973603942052,0.8977636909306972
0.9601375093809164,0.005760825056285499,0.8989073945724664,0.8990503697205694
0.9625199845902983,0.0057751199075417895,0.9003706599110857,0.9004215230204946
0.9649024597996803,0.005789414758798081,0.9015929246005211,0.9015979295811896
0.9672849350090622,0.005803709610054373,0.9024307942029816,0.9024364797299549
0.969667410218444,0.005818004461310664,0.9028920843670118,0.9029342356010451
0.972049885427826,0.005832299312566956,0.9030621171355313,0.9031618656992862
0.974432360637208,0.005846594163823248,0.9030300706377931,0.9031967862962951
0.9768148358465899,0.005860889015079539,0.9028778137488124,0.9031145514634756
0.9791973110559717,0.00587518386633583,0.9027133013035308,0.9030197298467716
0.9815797862653537,0.005889478717592122,0.9026697209527237,0.9030402597763838
0.9839622614747356,0.005903773568848414,0.9028379815065867,0.9032564724250346
0.9863447366841176,0.005918068420104706,0.9032038266101989,0.9036387032223364
0.9887272118934995,0.0059323632713609974,0.903667152502606,0.9040729187931676
0.9911096871028814,0.005946658122617288,0.9041102860480261,0.9044395716063448
0.9934921623122633,0.00596095297387358,0.9044257930456508,0.9046480838446403
0.9958746375216453,0.005975247825129872,0.9044984463658093,0.9046133869530218
0.9982571127310272,0.005989542676386164,0.9042175815461367,0.9042537419147821
1.000639587940409,0.006003837527642455,0.9035516566980675,0.9035531756191071
1.003022063149791,0.006018132378898746,0.9026219371761592,0.9026325605085501
1.005404538359173,0.006032427230155038,0.9016936679039369,0.9017459240114452
1.007787013568555,0.00604672208141133,0.9010764366363699,0.9011883227447632
1.0101694887779369,0.006061016932667622,0.9010068273938125,0.9011841933240353
1.0125519639873188,0.0060753117839239135,0.9015929286694125,0.9018336788421253
1.0149344391967008,0.0060896066351802045,0.9028304224704342,0.903126644342205
1.0173169144060825,0.006103901486436495,0.9046316321453997,0.904968226491968
1.0196993896154645,0.006118196337692787,0.906814808143651,0.9071672369100748
1.0220818648248464,0.006132491188949079,0.9090692482721171,0.9094050042507547
1.0244643400342284,0.006146786040205371,0.9109634321581656,0.9112490769756305
1.0268468152436103,0.006161080891461662,0.9120387514730125,0.9122496814233255
1.0292292904529923,0.006175375742717953,0.9119567896517252,0.9120850372854763
1.0316117656623742,0.006189670593974245,0.9106262101580376,0.9106829348592531
1.0339942408717562,0.006203965445230537,0.9082578331235374,0.9082695738813277
1.0363767160811381,0.006218260296486829,0.9053348083041831,0.9053353057575889
1.0387591912905199,0.00623255514774312,0.9025003877831196,0.9025217765752277
1.0411416664999018,0.006246849998999411,0.9003854599604003,0.9004520772709284
1.0435241417092838,0.006261144850255702,0.8994414634729457,0.899567061222296
1.0459066169186657,0.006275439701511994,0.8998588487119434,0.9000461785706854
1.0482890921280477,0.006289734552768286,0.9015899052579056,0.9018313201663942
1.0506715673374296,0.006304029404024578,0.9044095422465867,0.9046877420902787
1.0530540425468116,0.0063183242552808695,0.9079410375426746,0.9082303383386027
1.0554365177561935,0.006332619106537161,0.9116555060507199,0.9119255619442457
1.0578189929655755,0.006346913957793453,0.9149089819065739,0.9151321753296671
1.0602014681749572,0.006361208809049743,0.9170451652650555,0.9172049386009635
1.0625839433843391,0.006375503660306035,0.9175421801492698,0.9176371680376905
1.064966418593721,0.006389798511562327,0.9161715789550283,0.9162136841652191
1.067348893803103,0.0064040933628186185,0.913124152514593,0.9131334861233192
1.069731369012485,0.00641838821407491,0.9090304584080109,0.909030638060695
1.072113844221867,0.006432683065331202,0.9048208376467609,0.9048356323285225
1.074496319431249,0.006446977916587494,0.9014555393168737,0.9015060675021289
1.0768787946406309,0.006461272767843786,0.8996475030655394,0.8997491159203075
1.0792612698500128,0.0064755676191000765,0.899709277067843,0.899868016788601
1.0816437450593945,0.0064898624703563675,0.9015686565027837,0.9017782753847986
1.0840262202687765,0.006504157321612659,0.9048838108677412,0.9051252300264536
1.0864086954781584,0.006518452172868951,0.9091407441587003,0.9093855824168042
1.0887911706875404,0.006532747024125243,0.9136813477500497,0.9138994703271967
1.0911736458969223,0.006547041875381535,0.9177241940103937,0.9178927996676056
1.0935561211063043,0.0065613367266378255,0.9204704659230203,0.9205805794095085
1.0959385963156862,0.006575631577894117,0.9213001061202496,0.9213573458771359
1.0983210715250682,0.006589926429150409,0.9199716178834427,0.9199916306090058
1.1007035467344501,0.006604221280406701,0.9167349240282874,0.9167369526886737
1.1030860219438319,0.006618516131662992,0.9123102641764373,0.9123124366823311
1.1054684971532138,0.006632810982919283,0.9077229032322995,0.9077405489592116
1.1078509723625958,0.0066471058341755745,0.9040265194888376,0.9040723380691084
1.1102334475719777,0.006661400685431866,0.9020063514849715,0.9020901503971123
1.1126159227813597,0.006675695536688158,0.9019883683936317,0.9021148523518192
1.1149983979907416,0.00668999038794445,0.9038361328526454,0.9040013187030843
1.1173808732001236,0.006704285239200742,0.9070987008859959,0.9072875712296735
1.1197633484095055,0.006718580090457033,0.9111803546946969,0.9113688044458156
1.1221458236188875,0.006732874941713325,0.9154273514851466,0.9155893610477475
1.1245282988282692,0.006747169792969615,0.9191443989977435,0.919261521782714
1.1269107740376512,0.006761464644225907,0.9216401222062747,0.921707912294415
1.1292932492470331,0.006775759495482199,0.922367456835226,0.9223952385284834
1.131675724456415,0.006790054346738491,0.9211145928390231,0.9211196481798637
1.134058199665797,0.006804349197994782,0.9181316199258979,0.918131960941011
1.136440674875179,0.006818644049251074,0.9141101500997303,0.9141196800099239
1.138823150084561,0.006832938900507366,0.9100148602140152,0.9100423485098045
1.1412056252939429,0.006847233751763658,0.9068207319206896,0.9068713165394496
1.1435881005033248,0.0068615286030199495,0.9052387660355827,0.9053153797916125
1.1459705757127066,0.0068758234542762395,0.9055298020301368,0.9056327643395312
1.1483530509220885,0.006890118305532531,0.9074826073656656,0.9076074938639083
1.1507355261314705,0.006904413156788823,0.9105561650819769,0.9106917499945463
1.1531180013408524,0.006918708008045115,0.9140954344352551,0.9142243775873325
1.1555004765502344,0.006933002859301407,0.9174950635947249,0.9175990294830382
1.1578829517596163,0.006947297710557698,0.9202490830027082,0.9203165258230056
1.1602654269689983,0.006961592561813989,0.9219346614501405,0.9219662075724971
1.1626479021783802,0.006975887413070281,0.9222320340928172,0.9222394871825754
1.1650303773877622,0.006990182264326573,0.9210346587823741,0.9210346713661038
1.167412852597144,0.007004477115582864,0.91858580346628,0.9185927533640542
1.1697953278065258,0.007018771966839155,0.9154970711068721,0.9155189060175302
1.1721778030159078,0.0070330668180954466,0.9125769465548588,0.9126151606125579
1.1745602782252897,0.007047361669351738,0.9105597410293217,0.910612308627283
1.1769427534346717,0.00706165652060803,0.9098848693144714,0.9099493953439723
1.1793252286440536,0.007075951371864322,0.9106037562827735,0.9106784570752637
1.1817077038534356,0.007090246223120614,0.9124157438599428,0.9124978602855937
1.1840901790628175,0.0071045410743769055,0.9148077814856314,0.9148910139950692
1.1864726542721995,0.007118835925633197,0.9172433739738028,0.9173172652888287
1.1888551294815812,0.007133130776889487,0.9193097034394535,0.9193633169841466
1.1912376046909632,0.007147425628145779,0.9207545757069687,0.9207829659126443
1.1936200799003451,0.007161720479402071,0.9214328884372933,0.9214409829939786
1.196002555109727,0.007176015330658363,0.9212558324947219,0.9212558846837218
1.198385030319109,0.0071903101819146545,0.9202258252233867,0.9202305145683505
1.200767505528491,0.007204605033170946,0.918535899577729,0.91855255048515
1.203149980737873,0.007218899884427238,0.9166042518577805,0.9166334503062823
1.2055324559472549,0.00723319473568353,0.9149562190639854,0.9149942574007661
1.2079149311566368,0.007247489586939822,0.9140292341961458,0.9140718181781818
1.2102974063660186,0.007261784438196112,0.914036206059472,0.9140807379694065
1.2126798815754005,0.007276079289452403,0.9149286353939218,0.9149739129131748
1.2150623567847825,0.007290374140708695,0.9164300680538523,0.9164742918718453
1.2174448319941644,0.007304668991964987,0.918129381928695,0.9181684651977443
1.2198273072035464,0.007318963843221279,0.9196266184610846,0.9196549247857493
1.2222097824129283,0.00733325869447757,0.92066887402728,0.9206830035425156
1.2245922576223103,0.0073475535457338615,0.9211896510491138,0.9211924734952087
1.2269747328316922,0.007361848396990153,0.9212385787336842,0.9212389392530287
1.2293572080410742,0.007376143248246445,0.9208884308874148,0.9208955908295624
1.231739683250456,0.007390438099502736,0.9202140079140029,0.920231767940877
1.2341221584598379,0.007404732950759028,0.9193427268085291,0.9193685657494655
1.2365046336692198,0.007419027802015319,0.9184889179824092,0.9185176951330705
1.2388871088786018,0.0074333226532716104,0.9179072831831828,0.9179350754984333
1.2412695840879837,0.007447617504527902,0.9177988964653515,0.9178242207769165
1.2436520592973657,0.007461912355784194,0.9182375007561441,0.9182603470509891
1.2460345345067476,0.007476207207040486,0.9191345098036229,0.9191547253952489
1.2484170097161296,0.007490502058296778,0.9202428045487854,0.9202590224399293
1.2507994849255115,0.007504796909553069,0.921230576485984,0.9212406385551386
1.2531819601348932,0.007519091760809359,0.9218281246075978,0.9218314097027761
1.2555644353442752,0.007533386612065651,0.9219558547875812,0.9219558552277216
1.2579469105536571,0.007547681463321943,0.9217268004824866,0.921730458714237
1.260329385763039,0.007561976314578235,0.9213320858346574,0.9213448831794866
1.262711860972421,0.0075762711658345265,0.9209183857522976,0.9209397790963948
1.265094336181803,0.007590566017090818,0.9205466738509347,0.9205710481288512
1.267476811391185,0.00760486086834711,0.9202377987179581,0.9202594980235769
1.269859286600567,0.007619155719603402,0.9200460914831033,0.9200627809492661
1.2722417618099489,0.007633450570859694,0.9200866497734209,0.9200987565961436
1.2746242370193306,0.007647745422115984,0.9204809366480717,0.9204895476009782
1.2770067122287125,0.0076620402733722755,0.9212522405378425,0.9212578463115267
1.2793891874380945,0.007676335124628567,0.9222462708784271,0.9222488674955865
1.2817716626474764,0.007690629975884859,0.9231537516578229,0.9231540280866148
1.2841541378568584,0.007704924827141151,0.9236577382009722,0.9236585786357628
1.2865366130662403,0.007719219678397443,0.9236188811873569,0.9236255498471712
1.2889190882756223,0.0077335145296537336,0.9231496313299187,0.9231670669307872
1.2913015634850042,0.007747809380910025,0.922517300777784,0.9225456400679904
1.2936840386943862,0.007762104232166317,0.921969637174293,0.9220025856319716
1.296066513903768,0.007776399083422608,0.9216256542528813,0.9216545796674203
1.2984489891131499,0.0077906939346789,0.9214966907223482,0.9215165417094672
1.3008314643225318,0.007804988785935191,0.9215885863216635,0.9215996336162049
1.3032139395319138,0.007819283637191483,0.9219669213452132,0.9219720432587125
1.3055964147412957,0.007833578488447774,0.9227052111872278,0.9227070061343057
1.3079788899506777,0.007847873339704067,0.9237604168151711,0.9237605976774926
1.3103613651600596,0.007862168190960358,0.9248984338709151,0.9248988699951994
1.3127438403694416,0.00787646304221665,0.9257551215253486,0.9257591597931153
1.3151263155788235,0.007890757893472941,0.9260181230428763,0.926030814947782
1.3175087907882053,0.007905052744729232,0.9256103617580399,0.9256364451167212
1.3198912659975872,0.007919347595985523,0.924728713035094,0.9247687332123413
1.3222737412069692,0.007933642447241816,0.9237081148958188,0.9237558206637153
1.3246562164163511,0.007947937298498107,0.9228383777068622,0.9228830743116487
1.327038691625733,0.007962232149754398,0.9222789604617156,0.9223118182670009
1.329421166835115,0.00797652700101069,0.9220970416569598,0.9221156232962446
1.331803642044497,0.007990821852266981,0.9223442331663417,0.9223517276776961
1.334186117253879,0.008005116703523274,0.9230740284834618,0.9230755315493774
1.3365685924632609,0.008019411554779565,0.9242701597673326,0.924270199629085
1.3389510676726426,0.008033706406035856,0.9257495419952907,0.9257522931225449
1.3413335428820246,0.008048001257292147,0.9271472576166911,0.9271579267837078
1.3437160180914065,0.00806229610854844,0.9280385584835585,0.9280635515849661
1.3460984933007885,0.00807659095980473,0.9281423990599004,0.928186872015256
1.3484809685101704,0.008090885811061023,0.927469309658216,0.9275331593629603
1.3508634437195524,0.008105180662317314,0.9263000179511449,0.9263754691492568
1.3532459189289343,0.008119475513573607,0.9250174383073457,0.9250910473972811
1.3556283941383163,0.008133770364829897,0.9239398918428366,0.9239986173774108
1.3580108693476982,0.00814806521608619,0.9232730492518987,0.9233102726092863
1.36039334455708,0.00816236006734248,0.9231538044470647,0.9231710862796721
1.362775819766462,0.008176654918598772,0.9236758688015356,0.9236802301174006
1.3651582949758438,0.008190949769855063,0.9248391763045624,0.9248391788338808
1.3675407701852258,0.008205244621111355,0.9264703265656619,0.9264740834449278
1.3699232453946077,0.008219539472367646,0.9282027446877406,0.9282182442884498
1.3723057206039897,0.008233834323623939,0.9295649232611345,0.929600414248669
1.3746881958133716,0.00824812917488023,0.9301590405232396,0.9302209742971084
1.3770706710227536,0.008262424026136523,0.9298420315446577,0.9299308126906751
1.3794531462321356,0.008276718877392814,0.9287830301888633,0.9288900425948584
1.3818356214415173,0.008291013728649104,0.9273486711119862,0.9274578669948708
1.3842180966508992,0.008305308579905395,0.9259220073843205,0.9260158868987735
1.3866005718602812,0.008319603431161688,0.9248049687581098,0.924871494634957
1.3889830470696631,0.008333898282417979,0.9242264352129116,0.924262989896825
1.391365522279045,0.00834819313367427,0.9243542664009837,0.9243671695864957
1.393747997488427,0.008362487984930563,0.9252411486777237,0.925242151821169
1.396130472697809,0.008376782836186853,0.926750738277056,0.9267532830841743
1.398512947907191,0.008391077687443146,0.9285530646744016,0.9285702626978637
1.400895423116573,0.008405372538699437,0.9302055650725427,0.9302493548089481
1.4032778983259546,0.008419667389955728,0.9312759502705193,0.9313550786075971
1.4056603735353366,0.008433962241212019,0.9314847832607862,0.9316007314549666
1.4080428487447185,0.008448257092468311,0.9308274967231225,0.9309711804207896
1.4104253239541005,0.008462551943724602,0.9295769763136008,0.9297298624675605
1.4128077991634824,0.008476846794980895,0.9281405619070549,0.9282802573132622
1.4151902743728644,0.008491141646237186,0.9268946939865083,0.9270022012898608
1.4175727495822463,0.008505436497493479,0.9261151714776983,0.9261811977739398
1.4199552247916283,0.00851973134874977,0.9259773960169901,0.9260054835234925
1.4223377000010102,0.008534026200006062,0.9265410589364257,0.9265457389618572
1.424720175210392,0.008548321051262351,0.9277121060455457,0.9277131627216955
1.427102650419774,0.008562615902518644,0.9292421546589784,0.9292589836877478
1.4294851256291559,0.008576910753774935,0.9307873033660349,0.9308358071697739
1.4318676008385378,0.008591205605031228,0.931982173978476,0.9320730132991991
1.4342500760479198,0.008605500456287518,0.9325155259110098,0.9326518081012998
1.4366325512573017,0.008619795307543811,0.9322445462569476,0.9324191734444418
1.4390150264666837,0.008634090158800102,0.9312964944693151,0.9314913933591566
1.4413975016760656,0.008648385010056395,0.9300289820839802,0.930218134742035
1.4437799768854476,0.008662679861312686,0.9288551158136571,0.9290114624521228
1.4461624520948293,0.008676974712568977,0.9280858957272662,0.9281906609898011
1.4485449273042112,0.008691269563825267,0.927876107931456,0.9279269298947088
1.4509274025135932,0.00870556441508156,0.9282332900393695,0.9282456161231684
1.4533098777229752,0.008719859266337851,0.9290439842941112,0.9290440464170443
1.455692352932357,0.008734154117594142,0.9301173922457535,0.9301322751029882
1.458074828141739,0.008748448968850435,0.9312380889419335,0.9312890207297482
1.460457303351121,0.008762743820106726,0.9321926963661485,0.9322924228418971
1.462839778560503,0.008777038671363018,0.9327694130191293,0.9329216293328041
1.465222253769885,0.008791333522619309,0.9328010208483305,0.9330000688461606
1.4676047289792666,0.0088056283738756,0.9322826681778759,0.9325124864080422
1.4699872041886486,0.008819923225131891,0.9314452663034686,0.9316788335007599
1.4723696793980305,0.008834218076388184,0.9306561687737188,0.9308595166762818
1.4747521546074125,0.008848512927644474,0.9302129780206299,0.9303567083917612
1.4771346298167944,0.008862807778900767,0.9302104012082357,0.9302844539826436
1.4795171050261764,0.008877102630157058,0.9305588523321373,0.9305791206111386
1.4818995802355583,0.00889139748141335,0.9310944868338025,0.9310945220409478
1.4842820554449403,0.008905692332669642,0.9316790196442534,0.9316942900375291
1.4866645306543222,0.008919987183925934,0.932228961180596,0.932285685241024
1.489047005863704,0.008934282035182223,0.9326838914368198,0.932795897870416
1.491429481073086,0.008948576886438516,0.9329680461045179,0.9331383014273278
1.4938119562824679,0.008962871737694807,0.9330009320775551,0.933223825042807
1.4961944314918498,0.0089771665889511,0.9327713054001745,0.9330324403329819
1.4985769067012318,0.00899146144020739,0.9324103203146195,0.9326833341113017
1.5009593819106137,0.009005756291463683,0.9321614274537453,0.9324079975952355
1.5033418571199957,0.009020051142719974,0.9322262696340508,0.9324077890749548
1.5057243323293776,0.009034345993976267,0.932608600375175,0.9327067985582004
1.5081068075387596,0.009048640845232558,0.9331074941810131,0.9331370126763145
1.5104892827481413,0.009062935696488849,0.9334700883899361,0.9334705039462097
1.5128717579575233,0.00907723054774514,0.9335588341080424,0.9335741957461619
1.5152542331669052,0.009091525399001432,0.9333934501637401,0.9334562738042606
1.5176367083762872,0.009105820250257723,0.9330783005520508,0.9332044461244731
1.5200191835856691,0.009120115101514016,0.9327285545651063,0.9329191165824967
1.522401658795051,0.009134409952770307,0.9324579991238542,0.9327033412226774
1.524784134004433,0.009148704804026598,0.9323904337899003,0.9326727063752684
1.527166609213815,0.00916299965528289,0.9326370357437574,0.9329289315356407
1.529549084423197,0.009177294506539181,0.9332448046834003,0.9335082356908035
1.5319315596325787,0.009191589357795472,0.9341518554090559,0.934346604999712
1.5343140348419606,0.009205884209051763,0.9351569810374847,0.9352619560301656
1.5366965100513426,0.009220179060308056,0.935941321244197,0.9359714686293709
1.5390789852607245,0.009234473911564347,0.9362044558855643,0.9362045719619001
1.5414614604701065,0.00924876876282064,0.9358406624023118,0.9358616227170797
1.5438439356794884,0.00926306361407693,0.934981669688425,0.9350602087278337
1.5462264108888704,0.009277358465333223,0.9338881135985911,0.9340402706025973
1.5486088860982523,0.009291653316589514,0.9328440933969512,0.9330676659048188
1.5509913613076343,0.009305948167845806,0.9321367483092444,0.9324162489614444
1.553373836517016,0.009320243019102096,0.9320424319698245,0.9323532619496201
1.555756311726398,0.009334537870358388,0.9327347317562068,0.9330449556370717
1.55813878693578,0.009348832721614679,0.9341573895127263,0.9344289450726718
1.5605212621451618,0.009363127572870972,0.9359853215942898,0.9361814803246213
1.5629037373545438,0.009377422424127263,0.9377147047520742,0.9378176734882333
1.5652862125639257,0.009391717275383555,0.9388163134299075,0.9388434926327941
1.5676686877733077,0.009406012126639846,0.9389204670786582,0.9389205000405038
1.5700511629826897,0.009420306977896139,0.9379861103180673,0.9380149625092701
1.5724336381920716,0.00943460182915243,0.9363110459626293,0.9364085264098009
1.5748161134014533,0.00944889668040872,0.9343670982692055,0.9345478271742831
1.5771985886108353,0.009463191531665012,0.9326386838930628,0.9328946990564877
1.5795810638202172,0.009477486382921304,0.9315653945982129,0.9318727508492094
1.5819635390295992,0.009491781234177595,0.9315086485132791,0.9318338793547483
1.5843460142389811,0.009506076085433888,0.9326552290894737,0.9329605459296534
1.586728489448363,0.009520370936690179,0.9348768185798052,0.935125317342996
1.589110964657745,0.00953466578794647,0.9376501616570678,0.9378142989344066
1.591493439867127,0.009548960639202762,0.9401577769929997,0.9402323846610978
1.593875915076509,0.009563255490459053,0.9415869151686229,0.9415993600645703
1.5962583902858907,0.009577550341715344,0.9414848425111202,0.9414886407148348
1.5986408654952726,0.009591845192971635,0.9399528707496825,0.9400038151277585
1.6010233407046546,0.009606140044227928,0.9375430568494388,0.9376764223908465
1.6034058159140365,0.009620434895484219,0.9349626323707915,0.9351859335893307
1.6057882911234185,0.009634729746740511,0.9328428968442938,0.9331404823873412
1.6081707663328004,0.009649024597996802,0.9316734924071051,0.9320139316328431
1.6105532415421824,0.009663319449253095,0.9317953518789488,0.9321382191483215
1.6129357167515643,0.009677614300509386,0.9333415918304401,0.9336443692528593
1.6153181919609463,0.009691909151765678,0.9361125747487554,0.9363392010007635
1.617700667170328,0.009706204003021968,0.9394618220143481,0.939593660161857
1.62008314237971,0.00972049885427826,0.942361942494627,0.9424086166256408
1.622465617589092,0.009734793705534551,0.9437866066278571,0.9437887892670832
1.6248480927984739,0.009749088556790844,0.9432425694435231,0.9432585652602276
1.6272305680078558,0.009763383408047135,0.9410204115942659,0.9411011955731547
1.6296130432172378,0.009777678259303427,0.937957342198412,0.9381280183506643
1.6319955184266197,0.009791973110559718,0.9349811941269482,0.935238747183695
1.6343779936360017,0.009806267961816011,0.9328135739248319,0.9331338529214439
1.6367604688453836,0.009820562813072302,0.9319156397967283,0.9322608166557528
1.6391429440547653,0.009834857664328593,0.9325238318486703,0.9328493021809524
1.6415254192641473,0.009849152515584884,0.9346360901150186,0.934899178263379
1.6439078944735293,0.009863447366841176,0.9379104265820257,0.9380820992036143
1.6462903696829112,0.009877742218097467,0.9415530074529529,0.9416305850908663
1.6486728448922932,0.00989203706935376,0.9444092632188742,0.9444227175560796
1.651055320101675,0.00990633192061005,0.9454287037726801,0.9454318936609418
1.653437795311057,0.009920626771866342,0.9442687122153651,0.944317173796936
1.655820270520439,0.009934921623122634,0.9414822990952019,0.9416120918105337
1.658202745729821,0.009949216474378925,0.9381159481317936,0.9383361972021993
1.6605852209392027,0.009963511325635216,0.9351632323232423,0.9354600514658289
1.6629676961485846,0.009977806176891509,0.9333063076600134,0.9336487065543285
1.6653501713579666,0.0099921010281478,0.9329240411593305,0.9332690982613532
1.6677326465673485,0.01000639587940409,0.9341385249030187,0.9344391080707645
1.6701151217767305,0.010020690730660383,0.9367841715358542,0.9370012082736049
1.6724975969861124,0.010034985581916674,0.9403153158267589,0.9404326786509184
1.6748800721954944,0.010049280433172967,0.9437665632205966,0.943801693139553
1.6772625474048763,0.010063575284429258,0.9459687915142851,0.945969066817691
1.6796450226142583,0.01007787013568555,0.9460836993435664,0.9461063391559646
1.68202749782364,0.01009216498694184,0.944110575395216,0.9441990242633489
1.684409973033022,0.010106459838198132,0.9408788265072968,0.9410512783103828
1.686792448242404,0.010120754689454423,0.9375350644422568,0.9377864527572213
1.6891749234517859,0.010135049540710716,0.9350283909511412,0.9353358844094924
1.6915573986611678,0.010149344391967007,0.9339236167442813,0.9342501728121805
1.6939398738705498,0.0101636392432233,0.9344370592532831,0.9347368272186443
1.6963223490799317,0.01017793409447959,0.9364847862131359,0.9367147971269505
1.6987048242893137,0.010192228945735883,0.9396611260542655,0.9397974258408812
1.7010872994986956,0.010206523796992174,0.943190347678719,0.9432407552188127
1.7034697747080774,0.010220818648248465,0.9460101397090045,0.946013826817416
1.7058522499174593,0.010235113499504756,0.9471297759032846,0.9471404672490861
1.7082347251268413,0.010249408350761048,0.9461343274850417,0.9461974708693949
1.7106172003362232,0.01026370320201734,0.943443265933441,0.943582591433176
1.7129996755456052,0.010277998053273632,0.9400732161228335,0.9402905818354251
1.7153821507549871,0.010292292904529923,0.9371223268972783,0.9374020360605241
1.717764625964369,0.010306587755786214,0.9353908734158413,0.9357017223278844
1.720147101173751,0.010320882607042507,0.9352697697824361,0.9355682909261028
1.722529576383133,0.010335177458298797,0.936764309435834,0.9370054627204009
1.7249120515925147,0.010349472309555088,0.9395272719403952,0.939681441423979
1.7272945268018967,0.010363767160811381,0.9428685551654843,0.9429357099184524
1.7296770020112786,0.010378062012067672,0.9458234989357408,0.9458345189493069
1.7320594772206606,0.010392356863323963,0.9474117562072257,0.9474145060128326
1.7344419524300425,0.010406651714580255,0.9470531475957742,0.9470921791967889
1.7368244276394245,0.010420946565836546,0.9448881013622141,0.9449908463132973
1.7392069028488064,0.010435241417092839,0.9417423484734914,0.9419165219608521
1.7415893780581884,0.01044953626834913,0.9387285371579176,0.9389647872578732
1.7439718532675703,0.010463831119605423,0.9367788071703669,0.9370519156122732
1.746354328476952,0.010478125970861712,0.9363953967562437,0.9366661742701564
1.748736803686334,0.010492420822118004,0.9376323339067045,0.9378573027226143
1.751119278895716,0.010506715673374295,0.9401608964294721,0.9403095106044225
1.753501754105098,0.010521010524630588,0.9433241894481305,0.9433931703851496
1.7558842293144798,0.010535305375886879,0.9462239518696616,0.9462383768732345
1.7582667045238618,0.010549600227143172,0.9479435694539947,0.9479442553135056
1.7606491797332438,0.010563895078399462,0.947888042499209,0.9479146437475322
1.7630316549426257,0.010578189929655755,0.9460679614241231,0.9461477390461409
1.7654141301520077,0.010592484780912046,0.9431432921103277,0.94328779115923
1.7677966053613894,0.010606779632168337,0.9401590076498811,0.940364126747542
1.7701790805707713,0.010621074483424628,0.9381108262589046,0.9383560992277649
1.7725615557801533,0.01063536933468092,0.9376040939569701,0.9378536392028125
1.7749440309895352,0.010649664185937211,0.9387366969603775,0.9389485287427565
1.7773265061989172,0.010663959037193504,0.9411448910779137,0.94128831485394
1.7797089814082991,0.010678253888449795,0.944116651074743,0.9441865880925807
1.782091456617681,0.010692548739706086,0.9467542433098831,0.9467717576876712
1.784473931827063,0.010706843590962379,0.9482201363028738,0.9482201429653838
1.786856407036445,0.01072113844221867,0.9480309033934609,0.9480476599780489
1.7892388822458267,0.01073543329347496,0.9462648384551221,0.9463236247661689
1.7916213574552087,0.010749728144731253,0.9435617360210486,0.94367622221991
1.7940038326645906,0.010764022995987544,0.9408896100074458,0.9410600670014634
1.7963863078739726,0.010778317847243835,0.9391731971579873,0.9393835297981756
1.7987687830833545,0.010792612698500128,0.9389693275783205,0.9391870473591528
1.8011512582927365,0.010806907549756418,0.9403195600199663,0.9405053449774462
1.8035337335021184,0.010821202401012711,0.9427791678729011,0.9429045662550252
1.8059162087115004,0.010835497252269002,0.9455733638972238,0.9456342316505372
1.8082986839208823,0.010849792103525295,0.947831536860698,0.9478469849013438
1.810681159130264,0.010864086954781584,0.9488475084627314,0.9488475094311071
1.813063634339646,0.010878381806037877,0.9483089537219556,0.9483220816504118
1.815446109549028,0.010892676657294167,0.946419618096812,0.9464675960121272
1.81782858475841,0.01090697150855046,0.9438469074348,0.9439433063942818
1.8202110599677919,0.010921266359806751,0.9415012173072179,0.941648829432123
1.8225935351771738,0.010935561211063044,0.9402217609139122,0.9404076192552461
1.8249760103865558,0.010949856062319335,0.9404703152769074,0.940664342284067
1.8273584855959377,0.010964150913575627,0.9421485126520579,0.9423134110956293
1.8297409608053194,0.010978445764831916,0.9446398538903154,0.9447495160998884
1.8321234360147014,0.010992740616088209,0.9470735839682095,0.9471256625702048
1.8345059112240834,0.0110070354673445,0.9486567853964778,0.9486696783330621
1.8368883864334653,0.011021330318600793,0.9489163848214572,0.948916384997652
1.8392708616428473,0.011035625169857084,0.9478205076057986,0.9478315035913696
1.8416533368522292,0.011049920021113376,0.9457828931990341,0.9458234532894898
1.8440358120616112,0.011064214872369667,0.9435274573634396,0.9436106291432733
1.846418287270993,0.011078509723625958,0.941857351885117,0.9419871406404371
1.848800762480375,0.01109280457488225,0.9414058670655976,0.9415705264091778
1.8511832376897568,0.011107099426138542,0.9423957612941086,0.9425661654380091
1.8535657128991387,0.011121394277394833,0.9444900208484015,0.9446311260186501
1.8559481881085207,0.011135689128651125,0.9469015713456497,0.9469913787921747
1.8583306633179026,0.011149983979907416,0.9487645248446759,0.9488043036759322
1.8607131385272846,0.011164278831163707,0.9494978223476869,0.9495062301611548
1.8630956137366665,0.01117857368242,0.9489444792550128,0.9489446188588753
1.8654780889460485,0.01119286853367629,0.9473486820898482,0.9473601958360298
1.8678605641554304,0.011207163384932583,0.9452754425341087,0.9453138899253218
1.8702430393648124,0.011221458236188874,0.9434571091022015,0.9435344155513896
1.8726255145741941,0.011235753087445165,0.9425764064222585,0.9426963001354978
1.875007989783576,0.011250047938701456,0.9430321710663019,0.9431821610105485
1.877390464992958,0.011264342789957749,0.94472137715255,0.9448719889247575
1.87977294020234,0.01127863764121404,0.9469886168927405,0.9471074431600005
1.882155415411722,0.011292932492470332,0.9489159001862174,0.9489865032269412
1.8845378906211039,0.011307227343726623,0.9498020963264879,0.949830199529115
1.8869203658304858,0.011321522194982916,0.949442339037866,0.9494467510164161
1.8893028410398678,0.011335817046239207,0.9480770689215197,0.9480779189181825
1.8916853162492497,0.0113501118974955,0.9462200156764556,0.9462339843843759
1.8940677914586315,0.011364406748751789,0.944513179697999,0.9445543419428433
1.8964502666680134,0.011378701600008081,0.9435743276757675,0.9436535754483232
1.8988327418773954,0.011392996451264372,0.9438178124249933,0.9439362852185302
1.9012152170867773,0.011407291302520665,0.945272527872934,0.945413804416665
1.9035976922961593,0.011421586153776956,0.9474598420758809,0.9475931365786164
1.9059801675055412,0.011435881005033248,0.9495101903408352,0.9496075743773923
1.9083626427149232,0.01145017585628954,0.9505927113530365,0.9506451878969939
1.9107451179243051,0.01146447070754583,0.950361022283901,0.9503788081997634
1.913127593133687,0.011478765558802123,0.9490412820762846,0.9490427391608813
1.9155100683430688,0.011493060410058414,0.947195065635259,0.9471977085301044
1.9178925435524508,0.011507355261314705,0.9454698556267824,0.9454884608176818
1.9202750187618327,0.011521650112570997,0.9444597034784836,0.9445072097401805
1.9226574939712147,0.011535944963827288,0.9445763183207819,0.9446610827073698
1.9250399691805966,0.011550239815083579,0.94588530617757,0.9460031739221669
1.9274224443899786,0.011564534666339872,0.9479868477143192,0.948116454033873
1.9298049195993605,0.011578829517596163,0.9500769814693704,0.9501887263542227
1.9321873948087425,0.011593124368852455,0.9512812968024151,0.9513551268441196
1.9345698700181244,0.011607419220108746,0.9511179691116106,0.9511528492390167
1.9369523452275061,0.011621714071365037,0.9497413570138449,0.9497502029881617
1.939334820436888,0.011636008922621328,0.9477837424597362,0.9477837472199664
1.94171729564627,0.01165030377387762,0.9459983250303438,0.9460057895183033
1.944099770855652,0.011664598625133912,0.9450000022206251,0.9450294119286045
1.946482246065034,0.011678893476390204,0.9451467426499403,0.9452093676451034
1.948864721274416,0.011693188327646495,0.9464554555097916,0.9465539304876639
1.9512471964837979,0.011707483178902788,0.948545817583115,0.9486677107432127
1.9536296716931798,0.011721778030159079,0.950698529185585,0.950818392935735
1.9560121469025618,0.011736072881415371,0.9520891729311394,0.952182021254175
1.9583946221119435,0.01175036773267166,0.9521504105361263,0.9522051886188309
1.9607770973213254,0.011764662583927953,0.9508739699756741,0.9508956618563955
1.9631595725307074,0.011778957435184244,0.9488293738162838,0.9488323588805637
1.9655420477400893,0.011793252286440537,0.9468635912554553,0.9468650540608915
1.9679245229494713,0.011807547137696828,0.9457166285185178,0.9457330263856071
1.9703069981588532,0.01182184198895312,0.9457877580082448,0.9458322386431834
1.9726894733682352,0.011836136840209411,0.9470571278360876,0.9471355631280484
1.9750719485776171,0.011850431691465704,0.9490968152506524,0.9492029056113127
1.977454423786999,0.011864726542721995,0.9511924563246298,0.9513071997277678
1.9798368989963808,0.011879021393978286,0.9525853811871682,0.9526852876426858
1.9822193742057628,0.011893316245234577,0.9527530791374431,0.9528218516921055
1.9846018494151447,0.01190761109649087,0.95162161331543,0.9516561197186203
1.9869843246245267,0.01192190594774716,0.9496334986017994,0.9496425368294968
1.9893667998339086,0.011936200799003451,0.9476007918479706,0.9476007980893982
1.9917492750432906,0.011950495650259744,0.9463538240393491,0.9463637811299269
1.9941317502526725,0.011964790501516035,0.946377824225022,0.9464136844768962
1.9965142254620545,0.011979085352772327,0.9476408503487115,0.9477103977747845
1.9988967006714364,0.011993380204028618,0.9496510257837479,0.9497503823958938
2.001279175880818,0.011992324944715091,0.9516775987052891,0.9517913849600962
2.0036616510902,0.0119780300934588,0.9530212243046017,0.9531284057769699
2.006044126299582,0.011963735242202508,0.9532409851120913,0.9533236262171056
2.008426601508964,0.011949440390946217,0.952271050199477,0.9523203504152356
2.010809076718346,0.011935145539689924,0.9504382607698227,0.9504567597591385
2.013191551927728,0.011920850688433633,0.9484120877954578,0.9484133871213821
2.01557402713711,0.01190655583717734,0.9470033935382844,0.9470080214253698
2.017956502346492,0.01189226098592105,0.9467957158324646,0.9468228588479816
2.0203389775558738,0.011877966134664757,0.9478407722061138,0.9479003961889179
2.0227214527652557,0.011863671283408466,0.9496525190918288,0.9497422378522822
2.0251039279746377,0.011849376432152173,0.9514794338572711,0.951586428072465
2.0274864031840196,0.011835081580895883,0.9526557599616836,0.9527621461531913
2.0298688783934016,0.011820786729639592,0.9528339548523096,0.9529230025624318
2.0322513536027835,0.011806491878383299,0.9520276742160486,0.9520880445703112
2.034633828812165,0.01179219702712701,0.9505326967935415,0.9505612855719128
2.037016304021547,0.011777902175870719,0.9488392955089509,0.9488444412295417
2.039398779230929,0.011763607324614426,0.9475584152950556,0.9475597870662232
2.041781254440311,0.011749312473358135,0.9472348278285965,0.9472552345286472
2.044163729649693,0.011735017622101843,0.9480376996913603,0.9480914578348058
2.046546204859075,0.011720722770845552,0.9496069185007704,0.9496940683515225
2.0489286800684567,0.011706427919589259,0.9512492994191265,0.9513579865944384
2.0513111552778387,0.011692133068332968,0.9523221036812464,0.9524349692879218
2.0536936304872206,0.011677838217076677,0.9525087447101757,0.9526089174604082
2.0560761056966026,0.011663543365820385,0.9518622223415656,0.9519368393347045
2.0584585809059845,0.011649248514564094,0.9506901155380022,0.9507325215832466
2.0608410561153665,0.011634953663307801,0.9494011897481451,0.9494144734184928
2.0632235313247484,0.01162065881205151,0.9484069588067033,0.948407008928429
2.0656060065341304,0.011606363960795217,0.9480733751698043,0.9480844081243928
2.0679884817435124,0.011592069109538927,0.948588074469092,0.948629852691712
2.0703709569528943,0.011577774258282634,0.9497693157783484,0.9498467744560579
2.0727534321622763,0.011563479407026343,0.9510834649841248,0.951186873272207
2.075135907371658,0.01154918455577005,0.9519428888619182,0.952055110690928
2.0775183825810397,0.011534889704513761,0.9520261217877561,0.9521298093479615
2.0799008577904217,0.01152059485325747,0.9513847741169817,0.9514663093140348
2.0822833329998036,0.01150630000200118,0.950345950322558,0.9503972594031311
2.0846658082091856,0.011492005150744887,0.9493334501100256,0.9493544349308642
2.0870482834185675,0.011477710299488596,0.9486955120787739,0.9486973870653908
2.0894307586279495,0.011463415448232303,0.9486183485720743,0.9486231120111627
2.0918132338373314,0.011449120596976012,0.9491343807749576,0.9491656822992448
2.0941957090467134,0.01143482574571972,0.9501037010165996,0.950173720747263
2.0965781842560953,0.011420530894463429,0.9511696109193255,0.9512732324609026
2.0989606594654773,0.011406236043207136,0.9518676934674356,0.9519876425346195
2.1013431346748592,0.011391941191950845,0.9518854960815449,0.952001548593445
2.103725609884241,0.011377646340694552,0.9512387652916054,0.9513341499953331
2.106108085093623,0.011363351489438261,0.9502361819809394,0.950300484902286
2.108490560303005,0.01134905663818197,0.9493159602289428,0.9493471206521253
2.110873035512387,0.011334761786925678,0.9488565384280246,0.9488630103582464
2.113255510721769,0.011320466935669387,0.9490168283776933,0.9490176245417339
2.115637985931151,0.011306172084413094,0.94969752741008,0.9497166510248792
2.118020461140533,0.011291877233156803,0.9506403671003472,0.9506957901627537
2.1204029363499144,0.011277582381900514,0.9515257501261182,0.9516196897646148
2.1227854115592963,0.011263287530644222,0.9520201686114873,0.9521386980530897
2.1251678867686783,0.01124899267938793,0.9518830033977588,0.9520044792939719
2.1275503619780602,0.011234697828131638,0.9511161833228627,0.9512205458602995
2.129932837187442,0.011220402976875347,0.9499983946738646,0.9500723784018683
2.132315312396824,0.011206108125619056,0.9489655367476101,0.949004993657979
2.134697787606206,0.011191813274362764,0.9484384014720452,0.9484497659611901
2.137080262815588,0.011177518423106473,0.9486588167129998,0.9486588196828732
2.13946273802497,0.01116322357185018,0.9495660178951618,0.9495775332073744
2.141845213234352,0.011148928720593889,0.9508101081501182,0.9508539777783045
2.144227688443734,0.011134633869337596,0.9519278551863354,0.9520134754560572
2.146610163653116,0.011120339018081305,0.9525320456461631,0.9526519656902422
2.148992638862498,0.011106044166825013,0.95240806712753,0.9525413870205806
2.1513751140718798,0.011091749315568722,0.9515716353399415,0.9516940893951308
2.1537575892812617,0.01107745446431243,0.9502976419183856,0.9503906784680034
2.1561400644906437,0.011063159613056138,0.9490414206485123,0.9490966407009628
2.1585225397000256,0.011048864761799847,0.9482680466964343,0.948288888394801
2.1609050149094076,0.011034569910543555,0.9482912619928056,0.948292801552413
2.163287490118789,0.011020275059287266,0.949158856765116,0.9491640159040374
2.165669965328171,0.011005980208030975,0.9505929163833374,0.9506247645807063
2.168052440537553,0.010991685356774682,0.9520631113399858,0.9521359019707537
2.170434915746935,0.010977390505518391,0.9530145682529715,0.9531272535491019
2.172817390956317,0.010963095654262098,0.9531020611902113,0.9532378650689601
2.175199866165699,0.010948800803005808,0.9522917723010829,0.9524254560786531
2.1775823413750808,0.010934505951749515,0.950850932855735,0.9509596558318385
2.1799648165844627,0.010920211100493224,0.9492648482406666,0.9493356994801072
2.1823472917938447,0.010905916249236931,0.9480729471887608,0.9481054453048908
2.1847297670032266,0.01089162139798064,0.9476818962731527,0.9476878966984777
2.1871122422126086,0.01087732654672435,0.948249087680494,0.9482503099903943
2.1894947174219905,0.010863031695468057,0.9496403583531466,0.9496620803927928
2.1918771926313725,0.010848736844211766,0.9514323984048718,0.9514943322931586
2.1942596678407544,0.010834441992955473,0.953006723603294,0.9531147100628158
2.1966421430501364,0.010820147141699182,0.9537753471804408,0.9539179167742462
2.1990246182595183,0.01080585229044289,0.9534384146674776,0.9535908179449487
2.2014070934689003,0.010791557439186599,0.9521089001594766,0.9522435510493806
2.2037895686782822,0.010777262587930306,0.9502578852228359,0.9503552302424858
2.2061720438876637,0.010762967736674017,0.9485365248123202,0.94859038904478
2.2085545190970457,0.010748672885417726,0.94753636723646,0.9475540820481951
2.2109369943064276,0.010734378034161435,0.9475826523653962,0.9475830873471687
2.2133194695158096,0.010720083182905142,0.9486549414338181,0.9486643328974014
2.2157019447251916,0.010705788331648852,0.950426136025497,0.9504702083754856
2.2180844199345735,0.010691493480392559,0.9523506373652886,0.9524445284030633
2.2204668951439555,0.010677198629136268,0.9537907525768713,0.9539312529397729
2.2228493703533374,0.010662903777879975,0.9542130061612665,0.9543782611152837
2.2252318455627194,0.010648608926623684,0.9534147207950937,0.9535733972126571
2.2276143207721013,0.010634314075367392,0.9516447164390419,0.9517698122670845
2.2299967959814833,0.0106200192241111,0.9495228528964642,0.9496014522942188
2.232379271190865,0.010605724372854808,0.9477980592953474,0.9478329097642225
2.234761746400247,0.010591429521598517,0.9470599157747998,0.9470661664150843
2.237144221609629,0.010577134670342226,0.9475324287189423,0.9475338179760572
2.239526696819011,0.010562839819085934,0.9490326795818834,0.9490569144976677
2.241909172028393,0.010548544967829643,0.9510762521679914,0.9511473168486325
2.244291647237775,0.01053425011657335,0.9530417163016535,0.9531698916658893
2.246674122447157,0.01051995526531706,0.9543229314954621,0.9544973981366384
2.2490565976565384,0.01050566041406077,0.9544725697101825,0.9546630480558665
2.2514390728659204,0.010491365562804477,0.9533677619849814,0.9535374448681022
2.2538215480753023,0.010477070711548186,0.9513305103949429,0.9514528564536346
2.2562040232846843,0.010462775860291894,0.9490636484585012,0.949131541823955
2.2585864984940662,0.010448481009035603,0.9473834282930684,0.9474073916401358
2.260968973703448,0.010434186157779312,0.9468891144302506,0.9468907002530047
2.26335144891283,0.01041989130652302,0.94773542984552,0.9477417690237496
2.265733924122212,0.010405596455266728,0.9495968090367328,0.9496360787787629
2.268116399331594,0.010391301604010436,0.9518220159544011,0.9519163859847769
2.270498874540976,0.010377006752754145,0.9536951393387849,0.9538509709822433
2.272881349750358,0.010362711901497852,0.9546597381936824,0.9548603576813937
2.27526382495974,0.010348417050241561,0.9544253082109552,0.9546339664741723
2.277646300169122,0.010334122198985269,0.9530168455910504,0.953192500844284
2.280028775378504,0.010319827347728978,0.950824374468425,0.9509412962534277
2.2824112505878857,0.010305532496472685,0.9485605409585974,0.9486174354940393
2.2847937257972677,0.010291237645216394,0.9470295768597055,0.9470445113661251
2.2871762010066496,0.010276942793960102,0.9467968271060765,0.9467968309051512
2.2895586762160316,0.01026264794270381,0.9479514381573247,0.9479653059640997
2.291941151425413,0.010248353091447521,0.9500745382974012,0.9501290504173914
2.294323626634795,0.01023405824019123,0.9524139084881708,0.952528736973148
2.296706101844177,0.010219763388934938,0.9541925178449705,0.9543717343173331
2.299088577053559,0.010205468537678647,0.9548910310791962,0.9551157557145892
2.301471052262941,0.010191173686422354,0.9543526314522637,0.9545831014719114
2.303853527472323,0.010176878835166063,0.9527420377468562,0.9529333296117538
2.306236002681705,0.01016258398390977,0.9505021439300463,0.9506259569256581
2.3086184778910868,0.01014828913265348,0.9483148106537689,0.9483712887022263
2.3110009531004687,0.010133994281397187,0.9469375728569182,0.946949825640933
2.3133834283098507,0.010119699430140896,0.9469062386308608,0.9469065324576686
2.3157659035192326,0.010105404578884605,0.9482777560608255,0.9482973236048752
2.3181483787286146,0.010091109727628313,0.9505756672738334,0.9506405652222679
2.3205308539379965,0.010076814876372022,0.9529681042869297,0.9530959859537826
2.3229133291473785,0.010062520025115729,0.9546114800543559,0.9548051732909686
2.3252958043567604,0.010048225173859438,0.9549977636068745,0.9552383094066017
2.3276782795661424,0.010033930322603146,0.9540969527526759,0.9543442075685521
2.3300607547755243,0.010019635471346855,0.9522523632837243,0.9524590529523302
2.3324432299849063,0.010005340620090562,0.9500071004016368,0.950141285901554
2.334825705194288,0.009991045768834273,0.9480040071671345,0.9480642701945841
2.3372081804036697,0.009976750917577982,0.946887179050828,0.9468992179936649
2.3395906556130517,0.009962456066321691,0.9470949553048453,0.9470956249287742
2.3419731308224336,0.009948161215065398,0.9486291720759923,0.9486524474718877
2.3443556060318156,0.009933866363809107,0.9509914413837656,0.9510627440420819
2.3467380812411975,0.009919571512552815,0.9533531929200098,0.9534880814754199
2.3491205564505795,0.009905276661296524,0.9548800659320914,0.9550811480891854
2.3515030316599614,0.009890981810040231,0.9550719083718745,0.9553232146123753
2.3538855068693434,0.00987668695878394,0.9539431437444966,0.9542081334518345
2.3562679820787253,0.009862392107527648,0.9519387188573549,0.9521696549588662
2.3586504572881073,0.009848097256271357,0.9496946731463269,0.9498533010659312
2.3610329324974892,0.009833802405015064,0.9478491233780981,0.947926179782633
2.363415407706871,0.009819507553758773,0.9469497253084126,0.9469680635017962
2.365797882916253,0.009805212702502482,0.9473383710178425,0.9473384785640518
2.368180358125635,0.00979091785124619,0.9489781874810665,0.9489997004297805
2.370562833335017,0.009776622999989899,0.9513715125863692,0.9514427706149456
2.372945308544399,0.009762328148733606,0.9536983603144198,0.9538345221437338
2.375327783753781,0.009748033297477315,0.9551281590315932,0.9553313465865798
2.3777102589631625,0.009733738446221026,0.9551558317615523,0.955412613226784
2.3800927341725444,0.009719443594964733,0.9538077462435587,0.9540864253922571
2.3824752093819264,0.009705148743708442,0.9516018317508835,0.9518571591664904
2.3848576845913083,0.00969085389245215,0.9492890753902009,0.9494784306447112
2.3872401598006903,0.009676559041195859,0.94756492713219,0.9476688893840178
2.389622635010072,0.009662264189939566,0.9469074747946326,0.9469401398834743
2.392005110219454,0.009647969338683275,0.9475173322238345,0.9475181234989961
2.394387585428836,0.009633674487426984,0.9492618114244535,0.949275895135548
2.396770060638218,0.009619379636170692,0.9516431420865085,0.951704920379108
2.3991525358476,0.0096050847849144,0.9538998665174602,0.9540271024505081
2.401535011056982,0.009590789933658108,0.9552611648423311,0.9554565754607447
2.403917486266364,0.009576495082401817,0.9552418663856453,0.9554948433448728
2.406299961475746,0.009562200231145524,0.9538403144220214,0.9541257029873157
2.408682436685128,0.009547905379889234,0.9515471673412123,0.9518257009557612
2.4110649118945098,0.009533610528632941,0.9491458030639683,0.9493732960401133
2.4134473871038917,0.00951931567737665,0.9474030058544136,0.9475483874692705
2.4158298623132737,0.009505020826120357,0.9468204732949279,0.946882325333292
2.4182123375226556,0.009490725974864066,0.9475386919876542,0.9475476079081616
2.420594812732037,0.009476431123607777,0.9493495920248931,0.949353602672528
2.422977287941419,0.009462136272351486,0.9517470944823555,0.9517906169994467
2.425359763150801,0.009447841421095194,0.9540217969898899,0.9541315854209671
2.427742238360183,0.009433546569838903,0.9554423187349071,0.9556251539150744
2.430124713569565,0.00941925171858261,0.9555021003869846,0.9557489905268964
2.432507188778947,0.00940495686732632,0.9541304826831262,0.9544199060894929
2.434889663988329,0.009390662016070027,0.9517563053650221,0.9520550156295298
2.437272139197711,0.009376367164813736,0.9491717901623906,0.9494385411783527
2.4396546144070927,0.009362072313557443,0.9472374949666754,0.9474345433022707
2.4420370896164747,0.009347777462301152,0.9465611038440196,0.9466705467900179
2.4444195648258567,0.009333482611044861,0.947303327489127,0.9473381755257656
2.4468020400352386,0.009319187759788568,0.9491802867029889,0.9491810143106156
2.4491845152446206,0.009304892908532278,0.9516117684339312,0.951628838039206
2.4515669904540025,0.009290598057275985,0.9539060637217815,0.9539796149856657
2.4539494656633845,0.009276303206019694,0.9554146462923789,0.9555632202910045
2.4563319408727664,0.009262008354763401,0.9556703730752804,0.9558913725792755
2.4587144160821484,0.00924771350350711,0.9545337024409907,0.9548095607711653
2.46109689129153,0.009233418652250821,0.9522953794276728,0.9525983675054311
2.463479366500912,0.009219123800994529,0.949638266791669,0.949932858638377
2.4658618417102938,0.009204828949738238,0.9474258713958653,0.9476735131385103
2.4682443169196757,0.009190534098481945,0.9463899488546221,0.9465600599592958
2.4706267921290577,0.009176239247225654,0.946853469341019,0.9469375345145326
2.4730092673384396,0.009161944395969363,0.9486226959043593,0.948642247249778
2.4753917425478216,0.00914764954471307,0.9511003136569514,0.9511008200095254
2.4777742177572035,0.00913335469345678,0.9535397000759744,0.9535720497660273
2.4801566929665855,0.009119059842200487,0.9552822358413067,0.9553832067551167
2.4825391681759674,0.009104764990944196,0.9558811424566431,0.9560635521834057
2.4849216433853494,0.009090470139687903,0.9551514985507795,0.9554057698528752
2.4873041185947313,0.009076175288431612,0.9532285830094973,0.9535302028523006
2.4896865938041133,0.00906188043717532,0.950612602948319,0.9509290114656749
2.4920690690134952,0.009047585585919029,0.9480893758027826,0.9483842786760952
2.494451544222877,0.009033290734662736,0.9464852303200237,0.9467236382778167
2.496834019432259,0.009018995883406445,0.9463490549981637,0.9465064966029835
2.499216494641641,0.009004701032150154,0.9477187853054109,0.9477925657045527
2.501598969851023,0.008990406180893862,0.950103859097851,0.9501187099618731
2.5039814450604045,0.008976111329637573,0.9527074483609232,0.9527089217041733
2.5063639202697865,0.008961816478381282,0.9547590648218612,0.954796436131534
2.5087463954791684,0.008947521627124989,0.9557558847402643,0.9558642250685682
2.5111288706885504,0.008933226775868698,0.9555146521715181,0.9557051307384136
2.5135113458979323,0.008918931924612405,0.954115979771197,0.9543767440453402
2.5158938211073143,0.008904637073356115,0.9518750185170617,0.952178961360068
2.5182762963166962,0.008890342222099822,0.949347391758979,0.9496606526968248
2.520658771526078,0.008876047370843531,0.9472577844955329,0.9475452838102498
2.52304124673546,0.00886175251958724,0.9462866781304357,0.9465165958366547
2.525423721944842,0.008847457668330947,0.9467944161787949,0.9469455006645948
2.527806197154224,0.008833162817074657,0.9486388763088291,0.9487098356218978
2.530188672363606,0.008818867965818364,0.9512091713865145,0.9512236852947308
2.532571147572988,0.008804573114562073,0.9536782269218983,0.9536795643305195
2.53495362278237,0.00879027826330578,0.9553350065579421,0.9553712713813413
2.537336097991752,0.00877598341204949,0.9558063188593237,0.9559137802517347
2.539718573201134,0.008761688560793197,0.9550775904443702,0.9552697692052041
2.5421010484105158,0.008747393709536906,0.9533859103240221,0.9536520251959346
2.5444835236198977,0.008733098858280613,0.9511273189780747,0.9514390351611774
2.546865998829279,0.008718804007024326,0.9488299767049456,0.9491514407327015
2.549248474038661,0.008704509155768033,0.9471090458981223,0.9474047374023828
2.551630949248043,0.008690214304511742,0.9465094969187134,0.9467491126135119
2.554013424457425,0.00867591945325545,0.9472753886458392,0.947439014649584
2.556395899666807,0.008661624601999159,0.9491965610229728,0.9492812437956711
2.558778374876189,0.008647329750742866,0.9516580120173841,0.9516819977380847
2.561160850085571,0.008633034899486575,0.9538851804414711,0.9538852121931816
2.563543325294953,0.008618740048230282,0.9552480671519789,0.9552690640990603
2.565925800504335,0.008604445196973991,0.9554591167409576,0.9555399663370417
2.568308275713717,0.008590150345717699,0.9545867232106303,0.9547478541296124
2.5706907509230987,0.008575855494461408,0.9529327847939245,0.9531707337544042
2.5730732261324807,0.008561560643205115,0.950897272014636,0.9511883539792458
2.5754557013418626,0.008547265791948824,0.948917631619602,0.9492275785268816
2.5778381765512446,0.008532970940692533,0.9474543300964577,0.9477477712956955
2.5802206517606265,0.00851867608943624,0.9469213792754101,0.9471679126035754
2.5826031269700085,0.00850438123817995,0.9475310867799891,0.9477096165565346
2.5849856021793904,0.008490086386923657,0.9491547030689239,0.9492581931761815
2.5873680773887724,0.008475791535667366,0.9513259751872738,0.9513652593426531
2.589750552598154,0.008461496684411077,0.9534072796246655,0.9534107433412679
2.592133027807536,0.008447201833154784,0.954822811341729,0.9548304223400824
2.594515503016918,0.008432906981898493,0.955241784734513,0.9552943172878364
2.5968979782262998,0.0084186121306422,0.9546450857483996,0.9547713543816636
2.5992804534356817,0.00840431727938591,0.9532686290820009,0.9534758451420443
2.6016629286450637,0.008390022428129619,0.9514775665218906,0.9517500348470399
2.6040454038544456,0.008375727576873326,0.9496623246631999,0.9499688596990121
2.6064278790638276,0.008361432725617035,0.9482002939887102,0.9485049940842277
2.6088103542732095,0.008347137874360743,0.9474308525989693,0.947701494319346
2.6111928294825915,0.008332843023104452,0.947574112811545,0.9477868500530081
2.6135753046919734,0.00831854817184816,0.9486209138850796,0.9487632983958508
2.6159577799013554,0.008304253320591868,0.9502974186305545,0.9503710128288979
2.6183402551107373,0.008289958469335576,0.9521525341347563,0.9521741906610123
2.6207227303201193,0.008275663618079285,0.9537104843595643,0.9537106063480926
2.623105205529501,0.008261368766822992,0.954605416746127,0.9546219641875049
2.625487680738883,0.008247073915566701,0.9546632458289114,0.9547315183361839
2.627870155948265,0.00823277906431041,0.953923984512755,0.9540651184666297
2.630252631157647,0.008218484213054118,0.9525989589556203,0.95281291706218
2.6326351063670286,0.008204189361797828,0.9509885485239502,0.9512556377630861
2.6350175815764105,0.008189894510541538,0.9494166941466144,0.9497057561077281
2.6374000567857925,0.008175599659285245,0.9482018151788444,0.9484796737852663
2.6397825319951744,0.008161304808028954,0.9476213601602645,0.9478597645623217
2.6421650072045564,0.008147009956772661,0.9478376774617904,0.9480174212972462
2.6445474824139383,0.00813271510551637,0.9488264103265628,0.9489398802700243
2.6469299576233203,0.008118420254260078,0.9503694965424045,0.9504223431739225
2.6493124328327022,0.008104125403003787,0.9521143969937017,0.9521258772494096
2.651694908042084,0.008089830551747496,0.9536580672795755,0.9536587054594564
2.654077383251466,0.008075535700491203,0.9546357355069099,0.9546609814711509
2.656459858460848,0.008061240849234912,0.9548135049454154,0.9548939515246713
2.65884233367023,0.00804694599797862,0.9541569765465002,0.954308682943083
2.661224808879612,0.008032651146722329,0.9528331873069206,0.9530528931551822
2.663607284088994,0.008018356295466036,0.951145839585584,0.9514132758868971
2.665989759298376,0.008004061444209745,0.9494524088985768,0.9497376211679991
2.668372234507758,0.007989766592953453,0.9481011785182784,0.9483728083843537
2.67075470971714,0.007975471741697162,0.9473795964613612,0.947611219065699
2.6731371849265217,0.007961176890440869,0.9474577277844074,0.9476316499911331
2.6755196601359033,0.00794688203918458,0.9483434533374827,0.94845298795044
2.677902135345285,0.007932587187928289,0.9498725602602146,0.9499236524346916
2.680284610554667,0.007918292336671998,0.9517324709256383,0.9517439061361924
2.682667085764049,0.007903997485415705,0.9535131516525448,0.9535135365086734
2.685049560973431,0.007889702634159414,0.9547910323566652,0.9548122476173684
2.687432036182813,0.007875407782903122,0.955240389826464,0.9553096360216015
2.689814511392195,0.00786111293164683,0.9547332993507267,0.9548662803464816
2.692196986601577,0.007846818080390538,0.9533788888221673,0.9535757444644367
2.694579461810959,0.007832523229134247,0.9514848103915053,0.9517300249101246
2.696961937020341,0.007818228377877955,0.9494705680581325,0.9497374151912067
2.6993444122297228,0.007803933526621664,0.9477767389833822,0.9480347516743572
2.7017268874391047,0.007789638675365372,0.9467845576972859,0.9470068056583214
2.7041093626484867,0.00777534382410908,0.9467387022301824,0.9469066469835233
2.7064918378578686,0.007761048972852788,0.9476827321150253,0.9477889896359434
2.7088743130672506,0.0077467541215964966,0.9494326567166876,0.949482666543815
2.7112567882766325,0.007732459270340205,0.951604364664805,0.951616106199005
2.7136392634860145,0.007718164419083913,0.9536944523695935,0.9536946129449534
2.7160217386953964,0.007703869567827621,0.9552023953415721,0.9552199063363359
2.718404213904778,0.007689574716571333,0.9557639260595339,0.9558238080417283
2.72078668911416,0.007675279865315041,0.9552470220691924,0.9553657831592522
2.723169164323542,0.007660985014058749,0.9537744634536829,0.9539562996830778
2.725551639532924,0.0076466901628024575,0.9516779809424062,0.9519124635292414
2.7279341147423057,0.007632395311546166,0.9494161290934852,0.9496799574999037
2.7303165899516877,0.007618100460289874,0.9474832714311627,0.9477465918079754
2.7326990651610696,0.007603805609033582,0.9463160336116349,0.946550139055873
2.7350815403704516,0.00758951075777729,0.9461965190700607,0.9463797833901709
2.7374640155798335,0.007575215906520999,0.9471725885414898,0.94729435696201
2.7398464907892155,0.007560921055264707,0.9490320993483803,0.9490950332230436
2.7422289659985974,0.007546626204008416,0.9513497556839624,0.9513694141701015
2.7446114412079794,0.007532331352752124,0.9535912917804956,0.9535918804296707
2.7469939164173613,0.007518036501495832,0.9552431908139488,0.9552514291911625
2.7493763916267433,0.007503741650239541,0.955935088381843,0.9559753021356551
2.7517588668361253,0.007489446798983249,0.9555200698464441,0.9556108201795428
2.754141342045507,0.007475151947726957,0.9540919547636808,0.9542423669521543
2.756523817254889,0.007460857096470665,0.9519543786716332,0.9521603908348302
2.758906292464271,0.007446562245214373,0.9495668065473969,0.949810579244623
2.7612887676736526,0.007432267393958084,0.9474650251596202,0.947719486110519
2.7636712428830346,0.0074179725427017925,0.946143482193082,0.9463796832184616
2.7660537180924165,0.007403677691445501,0.9459200193618643,0.9461137380508764
2.7684361933017985,0.00738938284018921,0.9468396317628296,0.9469761674291373
2.7708186685111804,0.007375087988932918,0.9486656257033768,0.9487430378317819
2.7732011437205624,0.007360793137676626,0.9509573581131174,0.9509870573246827
2.7755836189299443,0.007346498286420334,0.9531914819478982,0.9531949573033038
2.7779660941393263,0.007332203435164043,0.9548824171562496,0.9548854879161319
2.780348569348708,0.007317908583907751,0.9556804932805321,0.9557079907763313
2.78273104455809,0.007303613732651459,0.9554351247043118,0.955507045402131
2.785113519767472,0.007289318881395167,0.9542100208872674,0.9543381321233196
2.787495994976854,0.0072750240301388755,0.9522578437639823,0.9524425453973329
2.789878470186236,0.007260729178882584,0.9499795736536868,0.9502087895442151
2.792260945395618,0.007246434327626292,0.9478690533681414,0.9481206339808157
2.794643420605,0.007232139476370001,0.9464151734435512,0.9466619827217391
2.797025895814382,0.007217844625113709,0.9459655278018877,0.9461812834764152
2.799408371023764,0.0072035497738574174,0.9466145291685882,0.946779387399603
2.801790846233146,0.007189254922601126,0.9481823300924535,0.948287658612634
2.8041733214425273,0.0071749600713448365,0.9502888329077998,0.9503396138161857
2.8065557966519092,0.007160665220088545,0.9524685197013363,0.9524817932047288
2.808938271861291,0.007146370368832253,0.9542705473841414,0.9542705482876683
2.811320747070673,0.007132075517575961,0.955330550817493,0.9553429896718533
2.813703222280055,0.007117780666319669,0.9554289624087775,0.9554760907514595
2.816085697489437,0.0071034858150633776,0.9545368010590352,0.9546334227908955
2.818468172698819,0.007089190963807086,0.9528299774108049,0.952980676687595
2.820850647908201,0.007074896112550795,0.9506623072738221,0.9508607798373875
2.823233123117583,0.007060601261294503,0.9485015579954412,0.948732224884343
2.825615598326965,0.007046306410038211,0.9468297585115171,0.9470706921315292
2.827998073536347,0.0070320115587819195,0.9460190499144407,0.9462454835456715
2.8303805487457288,0.007017716707525628,0.9462284987357771,0.9464172618638726
2.8327630239551107,0.007003421856269336,0.9473742225656026,0.9475092842756205
2.8351454991644927,0.006989127005013044,0.9491793376062487,0.9492568421248531
2.8375279743738746,0.006974832153756752,0.9512607752428428,0.9512907637799259
2.8399104495832566,0.006960537302500461,0.9532062812377576,0.9532098001612452
2.8422929247926385,0.006946242451244169,0.9546303393559858,0.9546334334041685
2.8446754000020205,0.006931947599987877,0.9552298529332175,0.9552570485470974
2.847057875211402,0.006917652748731589,0.954852717595009,0.9549218410680252
2.849440350420784,0.006903357897475297,0.9535553295849182,0.9536746717385901
2.851822825630166,0.006889063046219005,0.9516089960040519,0.951777144401735
2.854205300839548,0.006874768194962713,0.94944098584427,0.9496484354137688
2.8565877760489298,0.006860473343706422,0.9475294191297329,0.94776034754288
2.8589702512583117,0.00684617849245013,0.9462848218730315,0.9465185010620663
2.8613527264676937,0.006831883641193838,0.9459541902211089,0.9461673000894668
2.8637352016770756,0.006817588789937546,0.9465782004239941,0.9467494340921915
2.8661176768864576,0.0068032939386812544,0.9480073299570155,0.9481235834126793
2.8685001520958395,0.006788999087424963,0.9499528999732516,0.9500140715872694
2.8708826273052215,0.006774704236168671,0.9520428663376401,0.9520623775877216
2.8732651025146034,0.00676040938491238,0.9538711422030682,0.9538718162909934
2.8756475777239854,0.006746114533656088,0.9550529766419659,0.9550603789815881
2.8780300529333673,0.006731819682399796,0.9553031766006572,0.9553391256379072
2.8804125281427493,0.006717524831143505,0.9545256904470619,0.9546039716613073
2.8827950033521312,0.006703229979887213,0.9528674417807339,0.952992649326138
2.885177478561513,0.006688935128630921,0.9506927340209481,0.9508615835979115
2.887559953770895,0.006674640277374629,0.9484812892956953,0.9486844222714528
2.8899424289802766,0.00666034542611834,0.9466975576575898,0.946920313732411
2.8923249041896586,0.006646050574862048,0.9456858710309447,0.9459086300476853
2.8947073793990405,0.0066317557236057565,0.9456193040317761,0.9458195716890586
