t_s,B_T,M_proj,S
0.0048754436241741795,3.1660281863558954e-05,0.2585881967876438,0.25883660410207665
0.009750887248348359,6.332056372711791e-05,0.2598709404774293,0.26009910986643137
0.014626330872522538,9.498084559067685e-05,0.2613828483675861,0.2615914412696223
0.019501774496696718,0.00012664112745423581,0.2631175296397524,0.2633073968549364
0.024377218120870896,0.00015830140931779473,0.26507474659120106,0.26524678408001884
0.029252661745045077,0.0001899616911813537,0.2672538090524001,0.2674089551561807
0.03412810536921926,0.00022162197304491268,0.2696539118895431,0.26979313760307116
0.039003548993393436,0.00025328225490847163,0.2722741157184547,0.2723984154207082
0.043878992617567614,0.0002849425367720306,0.27511334659218556,0.2752237289396111
0.04875443624174179,0.00031660281863558947,0.27817039539962984,0.27826787446173595
0.053629879865915976,0.00034826310049914847,0.2814439180239923,0.28152950472028615
0.058505323490090154,0.0003799233823627074,0.2849324362503854,0.28500713014783097
0.06338076711426434,0.0004115836642262664,0.2886343394497677,0.2886991209805145
0.06825621073843852,0.00044324394608982536,0.292547887046372,0.2926037102073139
0.0731316543626127,0.00047490422795338426,0.2966712117574457,0.2967189973558318
0.07800709798678687,0.0005065645098169433,0.3010023235748715,0.30104295308724177
0.08288254161096105,0.0005382247916805021,0.30553911443866105,0.30557342455323844
0.08775798523513523,0.0005698850735440612,0.3102793635328669,0.31030814144757135
0.0926334288593094,0.0006015453554076201,0.31522074311567855,0.3152447226644668
0.09750887248348358,0.0006332056372711789,0.3203608247778457,0.32038068345649384
0.10238431610765777,0.000664865919134738,0.3256970860076035,0.32571344296578436
0.10725975973183195,0.0006965262009982969,0.33122691692642003,0.33124033198557234
0.11213520335600613,0.000728186482861856,0.3369476270485109,0.336958600794315
0.11701064698018031,0.0007598467647254148,0.342856451908525,0.34286542689276117
0.12188609060435449,0.0007915070465889738,0.3489505593962935,0.34895792246566143
0.12676153422852868,0.0008231673284525328,0.35522705563522117,0.35523314138476153
0.13163697785270284,0.0008548276103160917,0.3616829902418263,0.36168808556851495
0.13651242147687703,0.0008864878921796507,0.36831536080805977,0.36831971051671625
0.1413878651010512,0.0009181481740432095,0.3751211164552318,0.3751249298449559
0.1462633087252254,0.0009498084559067685,0.3820971603184245,0.3821006186542526
0.15113875234939955,0.0009814687377703273,0.3892403508328755,0.38924361558509296
0.15601419597357374,0.0010131290196338865,0.3965475017086173,0.396550723421937
0.16088963959774794,0.0010447893014974455,0.40401538049622043,0.4040187081334533
0.1657650832219221,0.0010764495833610042,0.4116407056643531,0.41164429625467447
0.1706405268460963,0.0011081098652245634,0.4194201421285435,0.4194241705392209
0.17551597047027045,0.0011397701470881223,0.4273502951895729,0.4273549638320824
0.18039141409444465,0.0011714304289516812,0.4354277028589018,0.4354332511355846
0.1852668577186188,0.0012030907108152402,0.44364882656714677,0.44365553986268275
0.190142301342793,0.0012347509926787991,0.4520100402697051,0.45201825829239656
0.19501774496696717,0.0012664112745423579,0.4605076179811729,0.46051774226204917
0.19989318859114136,0.001298071556405917,0.469137719787425,0.4691502201502887
0.20476863221531555,0.001329731838269476,0.47789637640154936,0.47791179622425983
0.2096440758394897,0.001361392120133035,0.48677947234786095,0.4867984324445252
0.2145195194636639,0.0013930524019965939,0.4957827278777718,0.49580592884348834
0.21939496308783807,0.0014247126838601528,0.5049016797432407,0.5049299026182167
0.22427040671201226,0.001456372965723712,0.5141316609788268,0.5141657661078511
0.22914585033618642,0.0014880332475872705,0.523467779872841,0.5235087038601551
0.23402129396036062,0.0015196935294508297,0.5329048983424182,0.5329536490318666
0.2388967375845348,0.0015513538113143886,0.5424376099668007,0.5424952594135415
0.24377218120870897,0.0015830140931779476,0.5520602179775655,0.5521278934210314
0.24864762483288316,0.0016146743750415067,0.5617667135531896,0.5618455864514097
0.25352306845705735,0.0016463346569050657,0.571550754816715,0.5716420280589108
0.2583985120812315,0.0016779949387686242,0.5814056469871078,0.5815105404632973
0.2632739557054057,0.0017096552206321833,0.5913243241842248,0.5914440589552181
0.2681493993295799,0.0017413155024957423,0.6012993334304446,0.6014351148061239
0.27302484295375407,0.0017729757843593015,0.6113228214249871,0.6114758213194649
0.27790028657792826,0.0018046360662228604,0.6213865246855851,0.6215578636705793
0.2827757302021024,0.001836296348086419,0.6314817636527165,0.6316724931709602
0.2876511738262766,0.0018679566299499783,0.6415994413310898,0.6418105265556855
0.2925266174504508,0.001899616911813537,0.6517300469998184,0.6519623508296826
0.29740206107462497,0.0019312771936770962,0.6618636654566863,0.6621179341201352
0.3022775046987991,0.0019629374755406547,0.6719899921749352,0.6722668428719815
0.3071529483229733,0.001994597757404214,0.682098354646685,0.6823982655962748
0.3120283919471475,0.002026258039267773,0.6921777400705621,0.6925010432440165
0.3169038355713217,0.0020579183211313318,0.7022168294182687,0.7025637061384604
0.32177927919549587,0.002089578602994891,0.7122040377917551,0.7125745172642891
0.32665472281967,0.0021212388848584496,0.7221275608646349,0.7225215215887345
0.3315301664438442,0.0021528991667220084,0.7319754270923412,0.732392600982102
0.3364056100680184,0.0021845594485855675,0.7417355552771606,0.7421755342151652
0.3412810536921926,0.0022162197304491267,0.7513958169866721,0.7518580614381479
0.3461564973163667,0.0022478800123126854,0.7609441032456602,0.7614279524880627
0.3510319409405409,0.0022795402941762446,0.7703683948499491,0.7708730783245535
0.3559073845647151,0.0023112005760398033,0.7796568355837209,0.7801814848555464
0.3607828281888893,0.0023428608579033625,0.788797807558901,0.789341468380511
0.3656582718130635,0.0023745211397669212,0.7977800078371696,0.7983416518501955
0.3705337154372376,0.0024061814216304804,0.8065925254451605,0.8071710611185706
0.3754091590614118,0.002437841703494039,0.8152249178559947,0.8158192003481314
0.380284602685586,0.0024695019853575983,0.8236672859904357,0.8242761257268252
0.3851600463097602,0.0025011622672211574,0.8319103467923763,0.8325325166660557
0.39003548993393433,0.0025328225490847157,0.8399455024573226,0.8405797436745519
0.3949109335581085,0.002564482830948275,0.8477649054366045,0.8484099321395157
0.3997863771822827,0.002596143112811834,0.855361518398099,0.856016021288505
0.4046618208064569,0.002627803394675393,0.8627291683874669,0.8633918176451346
0.4095372644306311,0.002659463676538952,0.8698625944925531,0.8705320423209963
0.41441270805480523,0.0026911239584025107,0.8767574883595868,0.8774323714995845
0.4192881516789794,0.00272278424026607,0.8834105269388796,0.8840894694641234
0.4241635953031536,0.0027544445221296286,0.8898193968508686,0.8905010135040745
0.4290390389273278,0.0027861048039931877,0.8959828097667482,0.8966657100137119
0.433914482551502,0.002817765085856747,0.9019005082011221,0.9025833010823257
0.43878992617567614,0.0028494253677203056,0.9075732611271521,0.9082545608808328
0.44366536979985033,0.0028500375504161356,0.9130028488547014,0.9136812811815923
0.4485408134240245,0.002818377268552577,0.9181348037559759,0.9188092337957453
0.4534162570481987,0.0027867169866890177,0.922929124627902,0.923598690392895
0.45829170067237285,0.002755056704825459,0.9274107600709444,0.928074656458214
0.46316714429654704,0.0027233964229619,0.9316003477695053,0.9322578381128632
0.46804258792072123,0.002691736141098341,0.9355177914225441,0.9361682045798317
0.4729180315448954,0.002660075859234782,0.9391820272038209,0.9398247544657792
0.4777934751690696,0.002628415577371223,0.942611002221559,0.9432454933362309
0.48266891879324375,0.0025967552955076644,0.9458216527714299,0.9464474113196112
0.48754436241741794,0.0025650950136441053,0.9488298926083656,0.9494464709603541
0.49241980604159213,0.002533434731780546,0.951650609956238,0.952257604066022
0.4972952496657663,0.0025017744499169874,0.9542976727429113,0.9548947170384139
0.5021706932899405,0.002470114168053428,0.9567839416463029,0.9573707042587264
0.5070461369141147,0.002438453886189869,0.9591212906267425,0.959697469171066
0.5119215805382888,0.0024067936043263107,0.9613206346549406,0.9618859527304409
0.516797024162463,0.002375133322462752,0.9633919643198459,0.9639461688476281
0.5216724677866372,0.0023434730405991924,0.9653443869181373,0.9658872463758225
0.5265479114108114,0.0023118127587356337,0.9671861734955388,0.967717477051224
0.5314233550349856,0.0022801524768720745,0.9689248111440948,0.9694443686362374
0.5362987986591597,0.002248492195008516,0.9705670596780673,0.9710747023385548
0.5411742422833339,0.002216831913144957,0.9721190116358763,0.972614593413181
0.5460496859075081,0.0021851716312813975,0.9735861544080677,0.9740695537184777
0.5509251295316823,0.0021535113494178387,0.9749734331909562,0.9754445549097586
0.5558005731558565,0.0021218510675542796,0.9762853134266303,0.9767440909283241
0.5606760167800307,0.002090190785690721,0.9775258414204103,0.9779722384868499
0.5655514604042048,0.0020585305038271625,0.9786987019270015,0.9791327143632668
0.570426904028379,0.002026870221963603,0.9798072716597791,0.9802289284871328
0.5753023476525532,0.0019952099401000438,0.9808546678908016,0.9812640320214026
0.5801777912767273,0.0019635496582364855,0.9818437915549291,0.9822409598909272
0.5850532349009016,0.001931889376372926,0.9827773645303592,0.9831624674675603
0.5899286785250757,0.0019002290945093676,0.9836579610207702,0.9840311613716076
0.5948041221492499,0.0018685688126458078,0.9844880331942507,0.9848495245742925
0.5996795657734241,0.0018369085307822493,0.9852699314283245,0.9856199361736345
0.6045550093975982,0.0018052482489186905,0.9860059196603822,0.9863446863591202
0.6094304530217725,0.0017735879670551314,0.9866981864453075,0.9870259871760272
0.6143058966459466,0.0017419276851915729,0.987348852377997,0.9876659797497684
0.6191813402701208,0.001710267403328013,0.9879599745523037,0.9882667386389723
0.624056783894295,0.0016786071214644545,0.9885335487065555,0.9888302739603594
0.6289322275184691,0.0016469468396008958,0.989071509657383,0.9893585318770051
0.6338076711426434,0.0016152865577373366,0.9895757305565368,0.9898533939726767
0.6386831147668175,0.0015836262758737777,0.990048021427616,0.9903166759563883
0.6435585583909917,0.0015519659940102183,0.9904901273579745,0.990750126059738
0.6484340020151659,0.0015203057121466596,0.9909037266409727,0.9911554234102654
0.65330944563934,0.001488645430283101,0.9912904290892608,0.9915341765907671
0.6581848892635143,0.001456985148419542,0.9916517746734756,0.9918879225297108
0.6630603328876884,0.001425324866555983,0.9919892325840829,0.992218125812819
0.6679357765118626,0.0013936645846924238,0.9923042007675259,0.9925261784609319
0.6728112201360368,0.0013620043028288648,0.9925980059510745,0.9928134001839792
0.6776866637602109,0.0013303440209653063,0.9928719041430193,0.993081039094502
0.6825621073843852,0.0012986837391017467,0.9931270815750538,0.9933302728455284
0.6874375510085593,0.0012670234572381882,0.9933646560406062,0.9935622101455046
0.6923129946327334,0.0012353631753746297,0.9935856785752917,0.993777892596177
0.6971884382569077,0.00120370289351107,0.9937911354223782,0.9939782967966497
0.7020638818810818,0.0011720426116475116,0.9939819502261394,0.9941643366572782
0.7069393255052561,0.001140382329783952,0.9941589863982969,0.994336865869704
0.7118147691294302,0.0011087220479203935,0.9943230496066803,0.9944966804834641
0.7166902127536043,0.0010770617660568348,0.9944748903401094,0.9946445215445949
0.7215656563777786,0.0010454014841932754,0.9946152065089103,0.9947810777571042
0.7264411000019527,0.0010137412023297166,0.9947446460459821,0.9949069881336776
0.731316543626127,0.0009820809204661573,0.9948638094787519,0.9950228446073486
0.7361919872503011,0.0009504206386025986,0.9949732524474454,0.9951291945808843
0.7410674308744752,0.00091876035673904,0.995073488149797,0.9952265433952266
0.7459428744986495,0.0008871000748754805,0.995164989696533,0.9953153567024576
0.7508183181228236,0.0008554397930119219,0.99524819236568,0.9953960627323386
0.7556937617469979,0.0008237795111483624,0.9953234957469661,0.9954690544446112
0.760569205371172,0.0007921192292848038,0.9953912657703182,0.9955346915618611
0.7654446489953461,0.0007604589474212453,0.9954518366147547,0.9955933024799619
0.7703200926195204,0.0007287986655576857,0.9955055124958624,0.9956451860549007
0.7751955362436945,0.0006971383836941272,0.9955525693315687,0.995690613266241
0.7800709798678687,0.0006654781018305686,0.9955932562871191,0.9957298287586062
0.7849464234920429,0.0006338178199670091,0.9956277972011127,0.9957630522634257
0.789821867116217,0.0006021575381034504,0.9956563918951081,0.9957904799038226
0.7946973107403913,0.000570497256239891,0.995679217369821,0.9958122853859424
0.7995727543645654,0.0005388369743763323,0.995696428891218,0.995828621080295
0.8044481979887396,0.0005071766925127738,0.9957081609700039,0.9958396189968217
0.8093236416129138,0.0004755164106492143,0.9957145282380223,0.9958453916573922
0.814199085237088,0.0004438561287856557,0.9957156262250565,0.9958460328693867
0.8190745288612622,0.00041219584692209617,0.9957115320393813,0.9958416184038454
0.8239499724854363,0.0003805355650585376,0.9957023049552234,0.9958322065814775
0.8288254161096105,0.000348875283194979,0.9956879869100463,0.9958178387695441
0.8337008597337847,0.0003172150013314195,0.995668602914283,0.9957985397923472
0.8385763033579589,0.0002855547194678609,0.9956441613758353,0.9957743182577284
0.8434517469821331,0.0002538944376043014,0.9956146543412961,0.9957451668016226
0.8483271906063072,0.00022223415574074279,0.9955800576555014,0.995711062252358
0.8532026342304814,0.00019057387387718422,0.9955403310406322,0.9956719657160001
0.8580780778546556,0.0001589135920136247,0.9954954180956844,0.9956278225836452
0.8629535214788298,0.0001272533101500661,0.9954452462167277,0.9955785624611663
0.867828965103004,9.559302828650659e-05,0.9953897264379462,0.9955240990214905
0.8727044087271781,6.393274642294801e-05,0.9953287531930257,0.9954643297790723
0.8775798523513523,3.2272464559389437e-05,0.9952622039960175,0.9953991357857825
0.8824552959755265,6.12182695829909e-07,0.995189939040345,0.9953283812469927
0.8873307395997007,-3.104809916772877e-05,0.9951118007141656,0.9952519130561774
0.8922061832238748,-6.270838103128744e-05,0.995027613029814,0.9951695602458858
0.897081626848049,-9.436866289484683e-05,0.9949371809645656,0.9950811333524499
0.9019570704722232,-0.0001260289447584055,0.994840289709441,0.9949864236913035
0.9068325140963974,-0.0001576892266219649,0.9947367038222481,0.9948852025392526
0.9117079577205716,-0.00018934950848552358,0.9946261662805036,0.9947772202195154
0.9165834013447457,-0.00022100979034908223,0.9945083974293067,0.9946622050847835
0.9214588449689199,-0.0002526700722126416,0.994383093818629,0.9945398623929614
0.9263342885930941,-0.0002843303540762003,0.9942499269238654,0.9944098730696416
0.9312097322172683,-0.0003159906359397597,0.994108541742827,0.9942718923507199
0.9360851758414425,-0.00034765091780331834,0.9939585552616733,0.9941255482978862
0.9409606194656166,-0.00037931119966687707,0.9937995547815447,0.9939704401790136
0.9458360630897908,-0.0004109714815304364,0.9936310960969132,0.9938061367047272
0.950711506713965,-0.00044263176339399507,0.9934527015158553,0.9936321741116486
0.9555869503381392,-0.00047429204525755445,0.9932638577116188,0.9934480540819944
0.9604623939623134,-0.0005059523271211131,0.9930640133939882,0.99325324148834
0.9653378375864875,-0.0005376126089846719,0.9928525767880175,0.9930471619514607
0.9702132812106617,-0.0005692728908482312,0.9926289129067675,0.9928291991982195
0.9750887248348359,-0.0006009331727117899,0.9923923406036694,0.992598692205484
0.9799641684590101,-0.0006325934545753493,0.9921421293891313,0.9923549321150389
0.9848396120831843,-0.000664253736438908,0.991877495994927,0.9920971589034067
0.9897150557073584,-0.0006959140183024666,0.991597600668843,0.9918245577893965
0.9945904993315327,-0.0007275743001660261,0.9913015431809513,0.9915362553611133
0.9994659429557068,-0.0007592345820295846,0.9909883585217806,0.9912313154030225
1.004341386579881,-0.0007908948638931433,0.9906570122715601,0.9909087344025544
1.0092168302040552,-0.0008225551457567027,0.9903063956186481,0.990567436714634
1.0140922738282294,-0.0008542154276202621,0.9899353200042316,0.9902062693614315
1.0189677174524034,-0.00088587570948382,0.989542511369446,0.9898239964436315
1.0238431610765777,-0.0009175359913473794,0.9891266039802068,0.9894192931385767
1.028718604700752,-0.0009491962732109388,0.9886861338043663,0.9889907392598294
1.033594048324926,-0.0009808565550744968,0.9882195314152843,0.9885368123520581
1.0384694919491002,-0.0010125168369380562,0.9877251143956416,0.988055880294687
1.0433449355732745,-0.0010441771188016155,0.9872010792153683,0.9875461933876074
1.0482203791974485,-0.0010758374006651736,0.9866454925579647,0.9870058758923823
1.0530958228216227,-0.001107497682528733,0.9860562820703876,0.9864329170029672
1.057971266445797,-0.0011391579643922924,0.9854312265131036,0.9858251612210391
1.0628467100699712,-0.0011708182462558518,0.9847679452890191,0.985180298112712
1.0677221536941452,-0.0012024785281194096,0.9840638873328913,0.9844958514258126
1.0725975973183195,-0.001234138809982969,0.9833163193466357,0.9837691675501352
1.0774730409424937,-0.0012657990918465284,0.9825223133708143,0.9829974033073291
1.0823484845666678,-0.0012974593737100865,0.9816787336886945,0.982177513062425
1.087223928190842,-0.0013291196555736459,0.9807822230667166,0.9813062351556644
1.0920993718150163,-0.0013607799374372052,0.9798291883442168,0.9803800776614094
1.0969748154391903,-0.001392440219300763,0.9788157853959351,0.9793953034906125
1.1018502590633645,-0.0014241005011643225,0.9777379035033428,0.9783479148648293
1.1067257026875388,-0.001455760783027882,0.9765911491852592,0.9772336372031268
1.111601146311713,-0.0014874210648914412,0.9753708295546777,0.9760479024786275
1.116476589935887,-0.001519081346754999,0.9740719352871439,0.9747858321188478
1.1213520335600613,-0.0015507416286185587,0.9726891233063872,0.9734422195434463
1.1262274771842355,-0.0015824019104821179,0.9712166993149777,0.9720115124543564
1.1311029208084096,-0.001614062192345676,0.9696486003212108,0.9704877950163084
1.1359783644325838,-0.0016457224742092353,0.9679783773377111,0.968864770090048
1.140853808056758,-0.0016773827560727947,0.9661991784516324,0.9671357417055646
1.145729251680932,-0.0017090430379363526,0.9643037324898239,0.9652935979875147
1.1506046953051063,-0.0017407033197999122,0.9622843335236989,0.9633307947687512
1.1554801389292806,-0.0017723636016634715,0.9601328264761676,0.9612393401490881
1.1603555825534546,-0.0018040238835270296,0.9578405941050981,0.9590107802735532
1.1652310261776289,-0.0018356841653905888,0.9553985456421992,0.956636186615542
1.170106469801803,-0.0018673444472541484,0.9527971073606852,0.9541061450534155
1.1749819134259774,-0.0018990047291177075,0.9500262153272604,0.9514107470219709
1.1798573570501514,-0.0019306650109812654,0.9470753105615103,0.9485395830006803
1.1847328006743256,-0.001962325292844825,0.9439333367768749,0.9454817385667305
1.1896082442984999,-0.0019939855747083844,0.9405887408107043,0.942225793191182
1.194483687922674,-0.0020256458565719422,0.9370294757662623,0.9387598218904515
1.1993591315468481,-0.002057306138435502,0.9332430067882668,0.9350713997633943
1.2042345751710224,-0.002088966420299061,0.9292163192787749,0.9311476093487605
1.2091100187951964,-0.0021206267021626193,0.9249359292375536,0.9269750506330716
1.2139854624193707,-0.0021522869840261785,0.9203878952886432,0.9225398534317172
1.218860906043545,-0.0021839472658897376,0.9155578318436617,0.9178276917655879
1.2237363496677192,-0.0022156075477532972,0.9104309227660201,0.9128237997737285
1.2286117932918932,-0.002247267829616855,0.9049919348543151,0.9075129886533684
1.2334872369160674,-0.0022789281114804147,0.8992252304744551,0.9018796641177601
1.2383626805402417,-0.002310588393343974,0.893114778754928,0.8959078439253313
1.2432381241644157,-0.002342248675207532,0.8866441649322504,0.8895811751751848
1.24811356778859,-0.0023739089570710913,0.8797965977038211,0.8828829512952249
1.2529890114127642,-0.002405569238934651,0.8725549148164332,0.8757961289760725
1.2578644550369382,-0.0024372295207982088,0.864901587585266,0.8683033457251778
1.2627398986611125,-0.002468889802661768,0.856818725585029,0.8603869392210453
1.2676153422852867,-0.0025005500845253275,0.8482880833562997,0.8520289702174076
1.2724907859094607,-0.0025322103663888854,0.8392910715902239,0.8432112513520899
1.277366229533635,-0.002563870648252445,0.8298087758495721,0.8339153848170475
1.2822416731578092,-0.002595530930116004,0.8198219864040022,0.8241228123999901
1.2871171167819835,-0.0026271912119795638,0.8093112431502333,0.8138148818655176
1.2919925604061575,-0.0026588514938431216,0.7982568998029396,0.8029729339555166
1.2968680040303318,-0.0026905117757066808,0.786639211533012,0.7915784144076775
1.301743447654506,-0.0027221720575702404,0.774438449956809,0.779613015275503
1.30661889127868,-0.0027538323394337982,0.7616350488118812,0.7670588494486477
1.3114943349028543,-0.0027854926212973574,0.7482097827695526,0.7538986615939657
1.3163697785270285,-0.002817152903160917,0.7341439806212369,0.740116077752632
1.3212452221512025,-0.002848813185024475,0.7194197725338172,0.7256958945402091
1.3261206657753768,-0.0028506497331119663,0.7040203692151571,0.7106244073290015
1.330996109399551,-0.002818989451248407,0.688111682142498,0.6950672217271056
1.3358715530237253,-0.0027873291693848476,0.6718978692509365,0.6792273553599691
1.3407469966478993,-0.0027556688875212897,0.6553911186708379,0.663119951020346
1.3456224402720736,-0.0027240086056577306,0.6386147569416706,0.6467712844143804
1.3504978838962478,-0.002692348323794171,0.6215924649203595,0.6302081976838039
1.3553733275204218,-0.002660688041930613,0.6043487530626012,0.6134585729889331
1.360248771144596,-0.0026290277600670535,0.5869088196147303,0.5965512036459117
1.3651242147687703,-0.0025973674782034943,0.5692984198768151,0.5795156792967063
1.3699996583929444,-0.002565707196339936,0.5515437161964732,0.5623822559094452
1.3748751020171186,-0.002534046914476377,0.533671114082638,0.5451817166618166
1.3797505456412928,-0.0025023866326128173,0.5157070886925038,0.5279452288380008
1.3846259892654669,-0.0024707263507492594,0.4976780064897234,0.5107042025873291
1.3895014328896411,-0.0024390660688857,0.4796099470516945,0.49349015773696797
1.3943768765138154,-0.0024074057870221406,0.4615285299288346,0.4763346049286448
1.3992523201379896,-0.002375745505158581,0.44345875114108524,0.4592689471737983
1.4041277637621636,-0.002344085223295023,0.4254248333679154,0.44232440752567437
1.4090032073863379,-0.002312424941431464,0.4074500931903521,0.4255319879932401
1.4138786510105121,-0.0022807646595679044,0.38955682792756136,0.4089224641159781
1.4187540946346862,-0.0022491043777043466,0.37176622373085616,0.3925264188214086
1.4236295382588604,-0.0022174440958407874,0.3540982857091979,0.37637431832502827
1.4285049818830347,-0.002185783813977228,0.33657179001285453,0.36049663190639786
1.4333804255072087,-0.00215412353211367,0.31920425703909133,0.34492399636840404
1.438255869131383,-0.0021224632502501103,0.30201194427916744,0.32968742476915647
1.4431313127555572,-0.002090802968386551,0.28500985682186153,0.3148185574465806
1.4480067563797314,-0.0020591426865229916,0.2682117731760305,0.30034995118255764
1.4528822000039054,-0.0020274824046594337,0.2516302838730708,0.28631539921326976
1.4577576436280797,-0.001995822122795874,0.23527684024964562,0.2727502701962322
1.462633087252254,-0.001964161840932315,0.21916181087402023,0.25969184758262076
1.467508530876428,-0.001932501559068757,0.20329454324281265,0.24717964143606874
1.4723839745006022,-0.001900841277205198,0.18768342861310106,0.23525563197785715
1.4772594181247765,-0.0018691809953416383,0.1723359681213145,0.22396438778733258
1.4821348617489505,-0.0018375207134780805,0.15725883865046072,0.21335298232401118
1.4870103053731247,-0.0018058604316145209,0.14245795721946106,0.2034706126993462
1.491885748997299,-0.0017742001497509617,0.12793854296532595,0.19436780967958628
1.496761192621473,-0.0017425398678874036,0.11370517605796768,0.18609512678701381
1.5016366362456472,-0.0017108795860238443,0.09976185312063637,0.1787012218036423
1.5065120798698215,-0.0016792193041602847,0.08611203892256783,0.17223030976302317
1.5113875234939957,-0.0016475590222967255,0.07275871426429496,0.166719080926225
1.5162629671181698,-0.0016158987404331674,0.0597044200927577,0.16219333269599967
1.521138410742344,-0.0015842384585696082,0.04695129796723637,0.15866472767804293
1.5260138543665183,-0.0015525781767060487,0.03450112705362255,0.15612820215268944
1.5308892979906923,-0.0015209178948424908,0.0223553578593048,0.15456054416752646
1.5357647416148665,-0.0014892576129789312,0.010515142939431331,0.153920501584636
1.5406401852390408,-0.001457597331115372,-0.001018635187698244,0.15415049342433043
1.5455156288632148,-0.0014259370492518142,-0.012245338678893247,0.1551796725314507
1.550391072487389,-0.0013942767673882546,-0.0231645513258163,0.15692783721696763
1.5552665161115633,-0.0013626164855246952,-0.03377605761148613,0.1593095921209266
1.5601419597357373,-0.0013309562036611371,-0.04407982364733676,0.16223822142965638
1.5650174033599116,-0.001299295921797578,-0.054075979783574424,0.1656289065958031
1.5698928469840858,-0.0012676356399340183,-0.06376480469475088,0.16940111944990602
1.57476829060826,-0.0012359753580704592,-0.073146710752016,0.17348018935874246
1.579643734232434,-0.0012043150762069013,-0.08222223050370726,0.17779815156294818
1.5845191778566083,-0.0011726547943433417,-0.090992004097101,0.18229403308912648
1.5893946214807826,-0.0011409945124797826,-0.09945676748654003,0.18691373801610361
1.5942700651049566,-0.0011093342306162245,-0.1076173412869082,0.19160967396845885
1.5991455087291309,-0.001077673948752665,-0.11547462014651642,0.1963402316046301
1.604020952353305,-0.0010460136668891055,-0.12302956252974812,0.20106919817968671
1.6088963959774791,-0.0010143533850255476,-0.13028318081696733,0.2057651598282807
1.6137718396016534,-0.0009826931031619883,-0.13723653164684227,0.2104009266379937
1.6186472832258276,-0.0009510328212984289,-0.14389070644391563,0.2149529996934863
1.6235227268500019,-0.0009193725394348696,-0.15024682209149945,0.21940108912471604
1.628398170474176,-0.0008877122575713116,-0.15630601172633404,0.22372768566254575
1.6332736140983501,-0.0008560519757077521,-0.16206941564653954,0.22791768426661047
1.6381490577225244,-0.000824391693844193,-0.1675381723378854,0.23195805621870108
1.6430245013466984,-0.0007927314119806347,-0.17271340963508422,0.23583756505532422
1.6478999449708727,-0.0007610711301170755,-0.17759623604454508,0.23954652141054564
1.652775388595047,-0.0007294108482535159,-0.18218773226276422,0.24307657195931937
1.657650832219221,-0.000697750566389958,-0.18648894293032559,0.24642051799867584
1.6625262758433952,-0.0006660902845263988,-0.1905008686654431,0.2495721596569579
1.6674017194675694,-0.0006344300026628393,-0.19422445842327185,0.2525261622053992
1.6722771630917435,-0.0006027697207992813,-0.1976606022280493,0.25527794141894805
1.6771526067159177,-0.0005711094389357222,-0.20081012432472634,0.2578235653717339
1.682028050340092,-0.0005394491570721626,-0.203673776795357,0.26015967044684135
1.6869034939642662,-0.0005077888752086031,-0.20625223368336063,0.2622833896874633
1.6917789375884402,-0.0004761285933450451,-0.20854608566608088,0.26419229191866717
1.6966543812126145,-0.0004444683114814859,-0.21055583531303662,0.2658843303297473
1.7015298248367887,-0.0004128080296179264,-0.21228189296407365,0.26735779943127413
1.7064052684609627,-0.00038114774775436844,-0.21372457325842995,0.26861129949354584
1.711280712085137,-0.0003494874658908092,-0.21488409234263842,0.2696437077391221
1.7161561557093112,-0.00031782718402724973,-0.2157605657823064,0.27045415570603526
1.7210315993334853,-0.00028616690216369176,-0.21635400720019063,0.27104201232427494
1.7259070429576595,-0.00025450662030013254,-0.21666432766066754,0.27140687235992217
1.7307824865818338,-0.00022284633843657302,-0.21669133581870503,0.27154854998217254
1.735657930206008,-0.00019118605657301348,-0.21643473884975697,0.27146707730137815
1.740533373830182,-0.00015952577470945556,-0.21589414417561506,0.27116270781382407
1.7454088174543563,-0.00012786549284589635,-0.21506906200011908,0.27063592477367276
1.7502842610785305,-9.620521098233682e-05,-0.2139589086677081,0.26988745459665003
1.7551597047027045,-6.454492911877887e-05,-0.21256301085701898,0.2689182854857919
1.7600351483268788,-3.288464725521966e-05,-0.21088061062105778,0.267729691559051
1.764910591951053,-1.224365391660136e-06,-0.2089108712847949,0.266323262853897
1.769786035575227,3.043591647189815e-05,-0.2066528842103111,0.26470094168736347
1.7746614791994013,6.209619833545754e-05,-0.20410567643875085,0.2628650659634157
1.7795369228235756,9.375648019901692e-05,-0.20126821921726734,0.2608184201451483
1.7844123664477496,0.00012541676206257488,-0.1981394374177745,0.2585642947491339
1.7892878100719238,0.00015707704392613428,-0.1947182198525916,0.256106555374925
1.794163253696098,0.00018873732578969366,-0.1910034304899005,0.2534497224553635
1.7990386973202723,0.00022039760765325307,-0.18699392056926556,0.2505990631030568
1.8039141409444464,0.000252057889516811,-0.18268854161423498,0.24756069663345018
1.8087895845686206,0.00028371817138037037,-0.17808615933518454,0.24434171556085527
1.8136650281927948,0.0003153784532439298,-0.1731856684110465,0.24095032408161768
1.8185404718169689,0.0003470387351074877,-0.16798600813334405,0.23739599626254843
1.8234159154411431,0.00037869901697104715,-0.16248617888999656,0.2336896563168378
1.8282913590653174,0.0004103592988346065,-0.1566852594596779,0.22984388343300408
1.8331668026894914,0.00044201958069816445,-0.1505824250800842,0.22587314356267005
1.8380422463136656,0.00047367986256172383,-0.1441769662453424,0.22179405027776755
1.8429176899378399,0.0005053401444252832,-0.13746830817899947,0.21762565614408824
1.8477931335620141,0.0005370004262888426,-0.13045603091964803,0.213389774839622
1.8526685771861882,0.0005686607081524006,-0.12313988994636586,0.20911133222089437
1.8575440208103624,0.0006003209900159599,-0.11551983726088845,0.20481874138231354
1.8624194644345367,0.0006319812718795194,-0.10759604283296277,0.2005442920654606
1.8672949080587107,0.0006636415537430773,-0.09936891630482016,0.19632453811923617
1.872170351682885,0.0006953018356066367,-0.09083912884038156,0.19220065768669978
1.8770457953070592,0.0007269621174701962,-0.082007634994917,0.18821874919384315
1.8819212389312332,0.0007586223993337541,-0.07287569447169832,0.1844300122993727
1.8867966825554074,0.0007902826811973135,-0.06344489362401694,0.18089074786574258
1.8916721261795817,0.0008219429630608728,-0.0537171665541005,0.17766209724612622
1.8965475698037557,0.0008536032449244308,-0.043694815655291284,0.1748094331171265
1.90142301342793,0.0008852635267879901,-0.033380531440664774,0.17240131803892048
1.9062984570521042,0.0009169238086515495,-0.022777411500383878,0.17050797035546808
1.9111739006762785,0.0009485840905151089,-0.011888978431777266,0.16919922629478631
1.9160493443004525,0.0009802443723786669,-0.0007191965906202987,0.1685420635192778
1.9209247879246267,0.0010119046542422263,0.010727512480460673,0.1685978467029659
1.925800231548801,0.0010435649361057856,0.022446256080094745,0.16941954964975028
1.930675675172975,0.0010752252179693437,0.03443165795302395,0.17104927133613856
1.9355511187971493,0.001106885499832903,0.04667784757579735,0.17351636597473583
1.9404265624213235,0.0011385457816964625,0.05917845120880209,0.1768364355418534
1.9453020060454975,0.0011702060635600203,0.07192658477959768,0.18101129864525903
1.9501774496696718,0.0012018663454235797,0.08491484864066055,0.18602988822972408
1.955052893293846,0.001233526627287139,0.09813532422222702,0.19186988876757693
1.9599283369180203,0.0012651869091506987,0.11157957257882559,0.19849983783199382
1.9648037805421943,0.0012968471910142566,0.12523863480727154,0.20588140037184421
1.9696792241663685,0.001328507472877816,0.13910303429537252,0.21397156552008967
1.9745546677905428,0.0013601677547413753,0.1531627807453585,0.22272459022629149
1.9794301114147168,0.0013918280366049332,0.16740737590504406,0.23209359506639884
1.984305555038891,0.0014234883184684926,0.1818258209337808,0.24203178652103313
1.9891809986630653,0.0014551486003320522,0.19640662533000278,0.25249332827408105
1.9940564422872393,0.00148680888219561,0.2111378173530394,0.26343391131218324
1.9989318859114136,0.0015184691640591692,0.22600695588402123,0.27481108301656526
2.003807329535588,0.0015501294459227288,0.24100114368900277,0.286584394626423
2.008682773159762,0.0015817897277862866,0.25610704207145885,0.2987154194536089
2.0135582167839363,0.0016134500096498475,0.271310886930353,0.3111676847381929
2.0184336604081103,0.0016451102915134054,0.2865985062731084,0.32390655036665694
2.0233091040322844,0.0016767705733769635,0.30195533926888135,0.33689905904612666
2.028184547656459,0.0017084308552405242,0.3173664569653279,0.3501137754187009
2.033059991280633,0.0017400911371040822,0.3328165848302923,0.3635206260570019
2.037935434904807,0.00177175141896764,0.3482901273173261,0.3770907481375117
2.0428108785289814,0.001803411700831201,0.3637711946895508,0.39079635159363807
2.0476863221531554,0.0018350719826947589,0.37924363236911385,0.40461059745139155
2.0525617657773294,0.0018667322645583167,0.3946910531084427,0.4185074936217819
2.057437209401504,0.0018983925464218776,0.41009687230373365,0.43246180848152277
2.062312653025678,0.0019300528282854355,0.4254443467894988,0.44644900197454096
2.067188096649852,0.0019617131101489936,0.4407166174640533,0.4604451736041305
2.0720635402740264,0.0019933733920125545,0.455896756097436,0.474427026481134
2.0769389838982004,0.0020250336738761123,0.47096781666259324,0.488371846490788
2.0818144275223744,0.0020566939557396706,0.485912891504022,0.5022574955992736
2.086689871146549,0.002088354237603231,0.5007151726110491,0.5160624183110981
2.091565314770723,0.0021200145194667894,0.5153580181906572,0.5297656602885917
2.096440758394897,0.0021516748013303473,0.5298250246324986,0.5433468981388859
2.1013162020190714,0.002183335083193908,0.5441001038225344,0.5567864793499269
2.1061916456432455,0.002214995365057466,0.5581675655894285,0.5700654713072302
2.11106708926742,0.0022466556469210265,0.5720122048599537,0.5831657182428952
2.115942532891594,0.0022783159287845848,0.5856193928603217,0.5960699048575797
2.120817976515768,0.0023099762106481426,0.598975171437803,0.6087616252188268
2.1256934201399424,0.0023416364925117035,0.6120663493039139,0.6212254553839858
2.1305688637641165,0.0023732967743752614,0.62488059873341,0.6334470280359424
2.1354443073882905,0.0024049570562388193,0.6374065510120354,0.6454131072713819
2.140319751012465,0.00243661733810238,0.6496338887315196,0.6571116615630141
2.145195194636639,0.002468277619965938,0.6615534329032013,0.6685319328480104
2.150070638260813,0.002499937901829496,0.6731572228194977,0.6796644996920275
2.1549460818849875,0.0025315981836930568,0.6844385866476072,0.6905013325546552
2.1598215255091615,0.002563258465556615,0.6953922008974863,0.7010358393449218
2.1646969691333355,0.002594918747420173,0.7060141371630363,0.7112628997039578
2.16957241275751,0.002626579029283734,0.7163018948792353,0.7211788867771388
2.174447856381684,0.0026582393111472917,0.7262544192481484,0.7307816756229879
2.179323300005858,0.0026898995930108496,0.735872103935931,0.7400706378270346
2.1841987436300325,0.0027215598748744105,0.7451567785994199,0.7490466223171613
2.1890741872542065,0.0027532201567379683,0.754111681731458,0.7577119227821901
2.1939496308783806,0.002784880438601526,0.7627414196872008,0.7660702324478378
2.198825074502555,0.002816540720465087,0.7710519130419784,0.7741265872376286
2.203700518126729,0.002848201002328645,0.7790503316143019,0.7818872985206035
2.208575961750903,0.002879861284192203,0.7867450195525966,0.7893598767098794
