B_applied_T,M_proj,S,t_s
0.0,0.29338295862269775,0.37374175626780337,0.004613643404344114
0.0,0.29386231996733125,0.37437759678964827,0.009227286808688229
0.0,0.29463043153381074,0.3753967238435306,0.013840930213032343
0.0,0.29566215944305596,0.37676610955407763,0.018454573617376457
0.0,0.2969312451939464,0.3784512995177295,0.023068217021720572
0.0,0.2984106236319456,0.38041682707834523,0.027681860426064686
0.0,0.3000726893908123,0.38262656281187246,0.0322955038304088
0.0,0.3018895292041088,0.38504402119594017,0.036909147234752915
0.0,0.30383313422733066,0.3876326421088731,0.04152279063909703
0.0,0.30587560352743604,0.39035606078106705,0.046136434043441144
0.0,0.30798934710868564,0.3931783760588758,0.05075007744778526
0.0,0.3101472941857158,0.3960644232953797,0.05536372085212937
0.0,0.312323109843703,0.3989800548376268,0.05997736425647349
0.0,0.31449142073122266,0.4018924279548361,0.0645910076608176
0.0,0.3166280480419507,0.40477029720213753,0.06920465106516172
0.0,0.3187102438229858,0.40758430572739224,0.07381829446950583
0.0,0.32071692469953905,0.41030726801351725,0.07843193787384994
0.0,0.32262889554895485,0.41291443511977,0.08304558127819406
0.0,0.32442905461735555,0.4153837327426497,0.08765922468253817
0.0,0.3261025711600558,0.4176959624262309,0.09227286808688229
0.0,0.32763702697579655,0.41983495702728535,0.0968865114912264
0.0,0.3290225142128426,0.42178768303444253,0.10150015489557052
0.0,0.3302516835023263,0.42354428444018694,0.10611379829991463
0.0,0.33131973870090675,0.4250980653998135,0.11072744170425874
0.0,0.3322243771190495,0.42644541167228384,0.11534108510860286
0.0,0.3329656768485826,0.42758565359673,0.11995472851294697
0.0,0.333545935443236,0.4285208758961617,0.12456837191729109
0.0,0.3339694665221013,0.42925568173026196,0.1291820153216352
0.0,0.33424236267330815,0.4297969200062121,0.13379565872597932
0.0,0.33437223421083195,0.43015338592541713,0.13840930213032343
0.0,0.3343679338311006,0.4303355050823214,0.14302294553466754
0.0,0.3342392770500799,0.4303550111829152,0.14763658893901166
0.0,0.3339967675597213,0.4302246267030417,0.15225023234335577
0.0,0.33365133545336717,0.42995775467767133,0.1568638757476999
0.0,0.33321409478467356,0.42956818843300887,0.161477519152044
0.0,0.33269612529841247,0.4290698445738158,0.16609116255638812
0.0,0.3321082815440795,0.4284765230356634,0.17070480596073223
0.0,0.3314610310674623,0.42780169660081935,0.17531844936507635
0.0,0.33076432205066314,0.4270583310246561,0.17993209276942046
0.0,0.33002747968251844,0.4262587358657094,0.18454573617376457
0.0,0.3292591297031682,0.42541444526926453,0.1891593795781087
0.0,0.3284671469687285,0.4245361273127429,0.1937730229824528
0.0,0.32765862649829786,0.42363352005772104,0.19838666638679692
0.0,0.32683987426093586,0.4227153921372856,0.20300030979114103
0.0,0.32601641489752065,0.4217895255066335,0.20761395319548515
0.0,0.32519301361649516,0.42086271787103147,0.21222759659982926
0.0,0.32437370962313294,0.419940802256264,0.21684124000417337
0.0,0.32356185861447684,0.4190286811871635,0.2214548834085175
0.0,0.3227601820772696,0.4181303729802999,0.2260685268128616
0.0,0.3219708213493657,0.41724906773214526,0.23068217021720572
0.0,0.32119539463523883,0.41638719069104757,0.23529581362154983
0.0,0.3204350553949652,0.41554647083769564,0.23990945702589395
0.0,0.3196905507473308,0.41472801266145415,0.24452310043023806
0.0,0.31896227873706146,0.4139323693049245,0.24913674383458217
0.0,0.31825034351076464,0.4131596154511711,0.2537503872389263
0.0,0.317554607624458,0.41240941854133856,0.2583640306432704
0.0,0.3168747408671896,0.4116811071286916,0.2629776740476145
0.0,0.31621026513076855,0.4109737353925041,0.26759131745195863
0.0,0.3155605949861903,0.4102861430463961,0.27220496085630275
0.0,0.3149250737444579,0.4096170100762618,0.27681860426064686
0.0,0.3143030048847156,0.40896490592941637,0.281432247664991
0.0,0.3136936788272869,0.4083283329465856,0.2860458910693351
0.0,0.313096395114425,0.4077057639803334,0.2906595344736792
0.0,0.3125104801379941,0.40709567427667315,0.2952731778780233
0.0,0.31193530062124264,0.4064965678107841,0.29988682128236743
0.0,0.3113702731213192,0.4059069983632494,0.30450046468671155
0.0,0.31081486987003437,0.40532558570069016,0.30911410809105566
0.0,0.31026862131235844,0.4047510272849856,0.3137277514953998
0.0,0.3097311157350047,0.4041821059795025,0.3183413948997439
0.0,0.3092019964010454,0.40361769425001376,0.322955038304088
0.0,0.3086809566208586,0.4030567553734891,0.3275686817084321
0.0,0.30816773319493773,0.40249834217082187,0.33218232511277623
0.0,0.3076620986605406,0.401941593770982,0.33679596851712035
0.0,0.307163852762229,0.4013857308951465,0.34140961192146446
0.0,0.3066728135465768,0.40083005012112094,0.3460232553258086
0.0,0.3061888084543126,0.40027391755185965,0.3506368987301527
0.0,0.30571166574953723,0.39971676226818104,0.3552505421344968
0.0,0.3052412065861404,0.39915806989595526,0.3598641855388409
0.0,0.30477723796689676,0.3985973765633248,0.36447782894318503
0.0,0.30431954680182,0.3980342634652557,0.36909147234752915
0.0,0.303867895220191,0.3974683521924266,0.37370511575187326
0.0,0.30342201723640694,0.3968993009208404,0.3783187591562174
0.0,0.3029816168147584,0.396326801499449,0.3829324025605615
0.0,0.30254636732391976,0.3957505774174627,0.3875460459649056
0.0,0.30211591232000296,0.3951703825828546,0.3921596893692497
0.0,0.3016898675491976,0.3945860008007212,0.39677333277359383
0.0,0.3012678240190566,0.3939972458063049,0.40138697617793795
0.0,0.3008493519530201,0.39340396168386804,0.40600061958228206
0.0,0.30043400541722054,0.3928060234900771,0.4106142629866262
0.0,0.30002132739303883,0.3922033378993129,0.4152279063909703
0.0,0.2996108550639018,0.39159584369796807,0.4198415497953144
0.0,0.29920212509047645,0.39098351197430115,0.4244551931996585
0.0,0.29879467866421866,0.3903663458781609,0.42906883660400263
0.0,0.2983880661540632,0.3897443798587947,0.43368248000834675
0.0,0.2979818511932857,0.3891176783266164,0.43829612341269086
0.0,0.2975756140911932,0.38848633372367747,0.442909766817035
0.0,0.29716895449501857,0.3878504640252055,0.4475234102213791
0.0,0.2967614932688032,0.38721020972869213,0.4521370536257232
0.0,0.2963528735958652,0.38656573041578457,0.4567506970300673
0.0,0.29594276134758624,0.3859172009943343,0.46136434043441144
0.0,0.2955308447920413,0.38526480774260163,0.46597798383875555
0.0,0.295116833740234,0.3846087442845959,0.47059162724309966
0.0,0.29470045824468866,0.3839492076251762,0.4752052706474438
0.0,0.2942814669747289,0.3832863943666038,0.4798189140517879
0.0,0.2938596253952367,0.38262049721580127,0.484432557456132
0.0,0.2934347138717194,0.3819517018749389,0.4890462008604761
0.0,0.293006525815113,0.3812801843885022,0.49365984426482024
0.0,0.29257486596606863,0.3806061089990429,0.49827348766916435
0.0,0.29213954890175714,0.37992962654261325,0.5028871310735085
0.0,0.29170039782970386,0.3792508733944733,0.5075007744778526
0.0,0.29125724371395534,0.3785699709568944,0.5121144178821967
0.0,0.2908099247599694,0.37788702566434107,0.5167280612865408
0.0,0.2903582862667961,0.37720212946740606,0.5213417046908849
0.0,0.2899021808389859,0.3765153607457694,0.525955348095229
0.0,0.2894414689366341,0.37582678559216925,0.5305689914995732
0.0,0.28897601973028186,0.37513645940380186,0.5351826349039173
0.0,0.2885057122181385,0.3744444287145051,0.5397962783082614
0.0,0.2880304365562354,0.37375073320025076,0.5444099217126055
0.0,0.2875500955475603,0.37305540779159063,0.5490235651169496
0.0,0.28706460623376995,0.3723584848294733,0.5536372085212937
0.0,0.28657390153253504,0.3716599962049705,0.5582508519256378
0.0,0.28607793186470964,0.37095997542866205,0.562864495329982
0.0,0.2855766667181062,0.3702584595815023,0.5674781387343261
0.0,0.28507009609848166,0.36955549110566305,0.5720917821386702
0.0,0.2845582318231954,0.3688511194009793,0.5767054255430143
0.0,0.28404110861868287,0.3681454021999977,0.5813190689473584
0.0,0.2835187849892255,0.3674384067020883,0.5859327123517025
0.0,0.28299134383130775,0.36673021045449317,0.5905463557560466
0.0,0.28245889277497055,0.36602090197536674,0.5951599991603908
0.0,0.28192156424082376,0.36531058112070497,0.5997736425647349
0.0,0.28137951520860965,0.3645993592033889,0.604387285969079
0.0,0.280832926700239,0.363887358878283,0.6090009293734231
0.0,0.28028200298690104,0.36317471381228356,0.6136145727777672
0.0,0.27972697053600004,0.3624615681623144,0.6182282161821113
0.0,0.27916807671917093,0.3617480758874372,0.6228418595864554
0.0,0.2786055883073219,0.3610343999234229,0.6274555029907996
0.0,0.2780397897824503,0.36032071124929194,0.6320691463951437
0.0,0.2774709814987904,0.35960718787550316,0.6366827897994878
0.0,0.2768994777276349,0.35889401378268926,0.6412964332038319
0.0,0.2763256046209196,0.3581813778381892,0.645910076608176
0.0,0.27574969812839245,0.35746947271523577,0.6505237200125201
0.0,0.2751721019019746,0.35675849383665437,0.6551373634168642
0.0,0.27459316521886296,0.3560486383614761,0.6597510068212084
0.0,0.2740132409521348,0.35534010422914253,0.6643646502255525
0.0,0.2734326836142575,0.35463308927213893,0.6689782936298966
0.0,0.2728518474951329,0.3539277904041103,0.6735919370342407
0.0,0.27227108491227947,0.35322440288693185,0.6782055804385848
0.0,0.2716907445866477,0.352523119676949,0.6828192238429289
0.0,0.2711111701535175,0.3518241308477802,0.687432867247273
0.0,0.27053269881407893,0.3511276230847318,0.6920465106516172
0.0,0.2699556601297632,0.3504337792440951,0.6966601540559613
0.0,0.2693803749582485,0.349742777969336,0.7012737974603054
0.0,0.26880715452738574,0.34905479335548395,0.7058874408646495
0.0,0.26823629964109835,0.34836999465280927,0.7105010842689936
0.0,0.2676681000096177,0.3476885460011039,0.7151147276733377
0.0,0.26710283369521276,0.3470106061864819,0.7197283710776818
0.0,0.26654076666382587,0.34633632841351664,0.724342014482026
0.0,0.26598215243268886,0.3456658600866522,0.7289556578863701
0.0,0.26542723180401206,0.34499934259608367,0.7335693012907142
0.0,0.2648762326751562,0.34433691110464276,0.7381829446950583
0.0,0.26432936991623474,0.34367869433355097,0.7427965880994024
0.0,0.2637868453068219,0.3430248143461919,0.7474102315037465
0.0,0.2632488475242519,0.34237538633023734,0.7520238749080906
0.0,0.26271555217689385,0.34173051837950696,0.7566375183124348
0.0,0.2621871218766718,0.3410903112778322,0.7612511617167789
0.0,0.26166370634598135,0.3404548582879031,0.765864805121123
0.0,0.2611454425549592,0.33982424494860886,0.7704784485254671
0.0,0.2606324548858124,0.3391985488847215,0.7750920919298112
0.0,0.2601248553215504,0.33857783963294885,0.7797057353341553
0.0,0.2596227436570168,0.3379621784883874,0.7843193787384994
0.0,0.2591262077305574,0.3373516183752687,0.7889330221428436
0.0,0.2586353236750069,0.33674620374562947,0.7935466655471877
0.0,0.2581501561869264,0.3361459705091599,0.7981603089515318
0.0,0.25767075881318646,0.3355509459970358,0.8027739523558759
0.0,0.2571971742540873,0.33496114896201484,0.80738759576022
0.0,0.25672943468222736,0.33437658961651595,0.8120012391645641
0.0,0.2562675620763206,0.3337972697098146,0.8166148825689082
0.0,0.2558115685690966,0.3332231826448916,0.8212285259732524
0.0,0.25536145680833805,0.3326543136348902,0.8258421693775965
0.0,0.2549172203300077,0.33209063989856746,0.8304558127819406
0.0,0.25447884394231307,0.331532130893605,0.8350694561862847
0.0,0.2540463041194534,0.3309787485861473,0.8396830995906288
0.0,0.2536195694036945,0.3304304477545053,0.8442967429949729
0.0,0.25319860081434287,0.32988717632457326,0.848910386399317
0.0,0.25278335226211807,0.329348875734186,0.8535240298036612
0.0,0.2523737709673826,0.3288154813233698,0.8581376732080053
0.0,0.2519697978806636,0.32828692274723803,0.8627513166123494
0.0,0.25157136810389685,0.32776312440812283,0.8673649600166935
0.0,0.25117841131084395,0.3272440059034479,0.8719786034210376
0.0,0.25079085216516606,0.3267294824857931,0.8765922468253817
0.0,0.2504086107346993,0.32621946553161296,0.8812058902297258
0.0,0.2500316029005377,0.32571386301511257,0.88581953363407
0.0,0.2496597407596195,0.32521257998387526,0.8904331770384141
0.0,0.2492929330196011,0.32471551903295287,0.8950468204427582
0.0,0.2489310853849021,0.3242225807742824,0.8996604638471023
0.0,0.2485741009329133,0.32373366429846445,0.9042741072514464
0.0,0.24822188047946242,0.3232486676261357,0.9088877506557905
0.0,0.24787432293274478,0.3227674881463726,0.9135013940601346
0.0,0.2475313256350268,0.3222900230397918,0.9181150374644788
0.0,0.24719278469153955,0.3218161696842338,0.9227286808688229
0.0,0.2468585952860717,0.32134582604115575,0.927342324273167
0.0,0.24652865198286908,0.3208788910210908,0.9319559676775111
0.0,0.24620284901453118,0.3204152648267655,0.9365696110818552
0.0,0.2458810805556758,0.3199548492726986,0.9411832544861993
0.0,0.24556324098221483,0.31949754808032654,0.9457968978905434
0.0,0.2452492251161492,0.31904326714792114,0.9504105412948876
0.0,0.2449389284558487,0.31859191479477544,0.9550241846992317
0.0,0.24463224739183456,0.318143401979332,0.9596378281035758
0.0,0.24432907940812643,0.3176976424911212,0.9642514715079199
0.0,0.24402932326925614,0.31725455311655754,0.968865114912264
0.0,0.2437328791930853,0.31681405377881067,0.9734787583166081
0.0,0.24343964900959314,0.3163760676521281,0.9780924017209522
0.0,0.24314953630583097,0.3159405212511341,0.9827060451252964
0.0,0.2428624465572601,0.31550734449576423,0.9873196885296405
0.0,0.24257828724571845,0.3150764707526241,0.9919333319339846
0.0,0.24229696796427658,0.3146478368536705,0.9965469753383287
0.005,0.2420184005092695,0.314221383093221,1.0011606187426727
0.005,0.2861725501935151,0.34682484078534737,1.005774262147017
0.005,0.36899145607695205,0.41258426512716145,1.0103879055513612
0.005,0.4797607203822284,0.5063016072715407,1.0150015489557052
0.005,0.6007351756017923,0.6132438583906852,1.0196151923600492
0.005,0.7082918973337593,0.7115504237600629,1.0242288357643934
0.005,0.7797430163436665,0.779744342701354,1.0288424791687376
0.005,0.8035986824243692,0.8062451866787034,1.0334561225730816
0.005,0.7857697641548103,0.7948631111824241,1.0380697659774256
0.005,0.7459094053355564,0.7619442000026551,1.0426834093817698
0.005,0.7070773702077808,0.7278122540028104,1.047297052786114
0.005,0.6863677190717214,0.7083092778733967,1.051910696190458
0.005,0.6904638281701208,0.7101295078656247,1.056524339594802
0.005,0.7165037021641296,0.7314339926195662,1.0611379829991463
0.005,0.7563076071147385,0.7656576466877246,1.0657516264034905
0.005,0.8001569764265049,0.8045506320682954,1.0703652698078345
0.005,0.838512790590537,0.8395892738795556,1.0749789132121785
0.005,0.863665745171025,0.8636693754489072,1.0795925566165228
0.005,0.872394742793745,0.8736466330244301,1.084206200020867
0.005,0.867461881212068,0.8716198862277668,1.088819843425211
0.005,0.8560692378248627,0.8634992009357367,1.093433486829555
0.005,0.8464887506198631,0.8562202664745188,1.0980471302338992
0.005,0.8449194233617318,0.8552047107637537,1.1026607736382434
0.005,0.8534823870207988,0.862523158606865,1.1072744170425874
0.005,0.8698832316833565,0.8764111850289209,1.1118880604469314
0.005,0.8891113318610127,0.8927502021662909,1.1165017038512757
0.005,0.9061931477501217,0.9074923028833869,1.12111534725562
0.005,0.9180088238914311,0.9181189683906383,1.125728990659964
0.005,0.923546798338746,0.9237430013874948,1.130342634064308
0.005,0.9236034965162254,0.9248596240292715,1.1349562774686521
0.005,0.9204934314001206,0.9232135451201267,1.1395699208729964
0.005,0.9173805977394092,0.9213524174030785,1.1441835642773404
0.005,0.917123896828943,0.9216888991208596,1.1487972076816844
0.005,0.92118651138196,0.9255262413787066,1.1534108510860286
0.005,0.9291364947801233,0.9325531982140032,1.1580244944903728
0.005,0.9389482916521643,0.9410751983086915,1.1626381378947168
0.005,0.9480031375095997,0.9489094744597891,1.1672517812990608
0.005,0.9542829585094712,0.9544289465179149,1.171865424703405
0.005,0.957078874839843,0.9571150201024691,1.1764790681077493
0.005,0.9569531810778469,0.9574509216845349,1.1810927115120933
0.005,0.955274575562306,0.9565230235569986,1.1857063549164373
0.005,0.9536902221370529,0.9556390214601893,1.1903199983207815
0.005,0.953616202282866,0.9559528074533387,1.1949336417251257
0.005,0.9557882174926058,0.9580865910022766,1.1995472851294697
0.005,0.9600269425936383,0.9619027906804521,1.2041609285338137
0.005,0.9653528364609241,0.9665823146057603,1.208774571938158
0.005,0.9704307761162088,0.9710096216737871,1.2133882153425022
0.005,0.9741383165710664,0.9742683041426577,1.2180018587468462
0.005,0.9759750426789418,0.9759776371717594,1.2226155021511902
0.005,0.9761482541414487,0.976334202095251,1.2272291455555344
0.005,0.9753756326712855,0.9759286339399772,1.2318427889598786
0.005,0.9745624928188181,0.9754893567367655,1.2364564323642226
0.005,0.974487384547438,0.9756446171842121,1.2410700757685666
0.005,0.975564679008091,0.9767333559908384,1.2456837191729109
0.005,0.9777336987375234,0.9787054515446896,1.250297362577255
0.005,0.9805161866714738,0.9811626156335641,1.254911005981599
0.005,0.9832311844770767,0.9835402955046632,1.259524649385943
0.005,0.985276478596586,0.9853479795452489,1.2641382927902873
0.005,0.9863486457654003,0.9863496751263385,1.2687519361946316
0.005,0.986516114605912,0.9866134830081926,1.2733655795989756
0.005,0.9861422631718604,0.9864398665558932,1.2779792230033196
0.005,0.9857175298869496,0.9862255524263639,1.2825928664076638
0.005,0.9856755939852124,0.986319904056186,1.287206509812008
0.005,0.9862525354196597,0.9869130629239323,1.291820153216352
0.005,0.9874256101164443,0.9879842633320466,1.296433796620696
0.005,0.9889467490400781,0.9893276971547229,1.3010474400250402
0.005,0.9904558823848075,0.9906471269491052,1.3056610834293845
0.005,0.9916260766276707,0.9916775472063831,1.3102747268337285
0.005,0.9922797664635554,0.992279822514777,1.3148883702380725
0.005,0.992434462671878,0.9924740230340737,1.3195020136424167
0.005,0.9922717150581073,0.9924106051275524,1.324115657046761
0.005,0.9920528367294081,0.9923017998439978,1.328729300451105
0.005,0.9920185505870225,0.9923421527203333,1.333342943855449
0.005,0.9923078305380806,0.992643801987307,1.3379565872597932
0.005,0.9929202427710229,0.9932054736329157,1.3425702306641374
0.005,0.9937310197724272,0.9939243506352454,1.3471838740684814
0.005,0.9945499653492758,0.9946447667504345,1.3517975174728254
0.005,0.9951986722955453,0.9952220899690932,1.3564111608771696
0.005,0.9955746728115901,0.9955747512970206,1.3610248042815138
0.005,0.9956798307633677,0.9957059539866652,1.3656384476858578
0.005,0.9956073367390061,0.9956919441937785,1.3702520910902019
0.005,0.995497769612322,0.9956463821949106,1.374865734494546
0.005,0.9954838980198555,0.9956763242482048,1.3794793778988903
0.005,0.9956447061682283,0.9958454010008815,1.3840930213032343
0.005,0.9959833835693153,0.9961558756741284,1.3887066647075783
0.005,0.9964345614989119,0.9965543953590383,1.3933203081119225
0.005,0.9968954701613701,0.9969574933924135,1.3979339515162668
0.005,0.9972672964572895,0.9972854266175263,1.4025475949206108
0.005,0.9974904581041262,0.9974906793823971,1.4071612383249548
0.005,0.9975616585779663,0.9975713396757769,1.411774881729299
0.005,0.9975288030564422,0.9975666519249967,1.4163885251336432
0.005,0.9974682814240314,0.9975386820340857,1.4210021685379872
0.005,0.9974547414827353,0.9975480828173737,1.4256158119423312
0.005,0.9975348324090936,0.9976329044095177,1.4302294553466754
0.005,0.9977137370571105,0.9977975428352331,1.4348430987510197
0.005,0.9979579913826526,0.9980148930299383,1.4394567421553637
0.005,0.9982119599858148,0.9982397346168056,1.4440703855597077
0.005,0.9984205637011028,0.9984272623293049,1.448684028964052
0.005,0.9985492713189736,0.9985493208263452,1.4532976723683961
0.005,0.9985943799851134,0.998602693213158,1.4579113157727401
0.005,0.9985809931507992,0.9986074712558273,1.4625249591770841
0.005,0.998550868276427,0.9985973186123612,1.4671386025814284
0.005,0.9985456591394368,0.9986060032968316,1.4717522459857726
0.005,0.9985920410287561,0.9986553373859712,1.4763658893901166
0.005,0.9986938006729653,0.998748647002777,1.4809795327944606
0.005,0.9988329725211238,0.9988715675102456,1.4855931761988048
0.005,0.9989786705873378,0.9989991513764711,1.490206819603149
0.005,0.9990996328778656,0.9991060528970652,1.494820463007493
0.005,0.9991755637651397,0.9991757621184365,1.499434106411837
0.005,0.9992033158231091,0.9992056660886048,1.5040477498161813
0.005,0.9991962418619731,0.9992065924168384,1.5086613932205255
0.005,0.9991776884589022,0.999197601539821,1.5132750366248695
0.005,0.9991715998988773,0.9991983814386162,1.5178886800292135
0.005,0.9991939127007687,0.9992221978995566,1.5225023234335577
0.005,0.9992477450456217,0.9992718686942511,1.527115966837902
0.005,0.9993237137080442,0.9993399131572641,1.531729610242246
0.005,0.999404728650577,0.9994124014229852,1.53634325364659
0.005,0.9994730599165671,0.9994747185339917,1.5409568970509342
0.005,0.9995168740377558,0.9995169449149146,1.5455705404552784
0.005,0.9995339267777323,0.9995369496859803,1.5501841838596224
0.005,0.9995313818643412,0.9995403363124693,1.5547978272639664
0.005,0.9995222420838848,0.9995376060966643,1.5594114706683107
0.005,0.9995200480424348,0.9995398562731749,1.5640251140726549
0.005,0.9995339400056712,0.9995547101278074,1.5686387574769989
0.005,0.9995658211920067,0.9995839195553701,1.5732524008813429
0.005,0.9996104251326732,0.9996233372798193,1.577866044285687
0.005,0.9996579654429579,0.999665031985365,1.5824796876900313
0.005,0.9996981493485634,0.9997005649163215,1.5870933310943753
0.005,0.9997239657995516,0.9997241231885435,1.5917069744987193
0.005,0.9997338999323855,0.999734389674768,1.5963206179030636
0.005,0.9997319329518941,0.9997346011600698,1.6009342613074078
0.005,0.9997255560599463,0.9997309566561047,1.6055479047117518
0.005,0.9997227233766182,0.9997301160846759,1.6101615481160958
0.005,0.9997289560011269,0.9997367830528411,1.61477519152044
0.005,0.99974562818536,0.9997522364089055,1.6193888349247842
0.005,0.9997699327582652,0.9997742464992511,1.6240024783291283
0.005,0.9997963644000144,0.9997982661820983,1.6286161217334723
0.005,0.9998190254231731,0.9998193340069388,1.6332297651378165
0.005,0.9998338307423931,0.9998339252399235,1.6378434085421607
0.005,0.9998398202557601,0.9998410846482801,1.6424570519465047
0.005,0.999839194102791,0.9998425054561979,1.6470706953508487
0.005,0.9998361913213134,0.9998416359587179,1.651684338755193
0.005,0.9998353398878549,0.9998422386257036,1.6562979821595372
0.005,0.9998397786304829,0.9998469809254934,1.6609116255638812
0.005,0.9998502529512855,0.9998565672534253,1.6655252689682252
0.005,0.9998650812797019,0.9998696747243417,1.6701389123725694
0.005,0.9998810079448079,0.9998836377003056,1.6747525557769136
0.005,0.9998945447933898,0.9998955584339944,1.6793661991812576
0.005,0.9999032651087176,0.9999033969215312,1.6839798425856016
0.005,0.9999065835437909,0.9999066440700446,1.6885934859899459
0.005,0.9999057896051555,0.9999063730968404,1.69320712939429
0.005,0.9999033978730802,0.9999047110018696,1.697820772798634
0.005,0.9999021206805512,0.9999039790629725,1.702434416202978
0.005,0.9999038750767941,0.9999058471330818,1.7070480596073223
0.005,0.9999091812756278,0.9999108074245944,1.7116617030116665
0.005,0.9999171310179855,0.9999181269938319,1.7162753464160105
0.005,0.9999258787655949,0.999926248020398,1.7208889898203545
0.005,0.9999334228587669,0.999933444811831,1.7255026332246988
0.005,0.9999383615105694,0.9999384719983156,1.730116276629043
0.005,0.9999403497540701,0.9999409685092299,1.734729920033387
0.005,0.9999401208225107,0.9999414950961925,1.739343563437731
0.005,0.9999391087267714,0.9999412294556449,1.7439572068420752
0.005,0.9999388507871034,0.9999414655940762,1.7485708502464195
0.005,0.9999404110586538,0.9999431208243016,1.7531844936507635
0.005,0.999944033718934,0.9999464307679317,1.7577981370551075
0.005,0.9999491307483647,0.9999509262056294,1.7624117804594517
0.005,0.9999545758401441,0.9999556731503353,1.767025423863796
0.005,0.9999591672126232,0.9999596626310996,1.77163906726814
0.005,0.9999620735543497,0.9999621925156702,1.776252710672484
0.005,0.9999631017068138,0.9999631017436109,1.7808663540768281
0.005,0.9999627059172933,0.9999627849980294,1.7854799974811724
0.005,0.9999617610708211,0.9999620033567191,1.7900936408855164
0.005,0.9999612063548435,0.9999615796813609,1.7947072842898604
0.005,0.9999617023776549,0.9999621009852115,1.7993209276942046
0.005,0.9999634253391129,0.999963735461892,1.8039345710985488
0.005,0.9999660592335906,0.9999662193354439,1.8085482145028928
0.005,0.9999689684581795,0.9999690011497403,1.8131618579072368
0.005,0.9999714689339025,0.9999714747755888,1.817775501311581
0.005,0.9999730880571565,0.9999732068685506,1.8223891447159253
0.005,0.9999737190742257,0.999974076117626,1.8270027881202693
0.005,0.9999736238877628,0.9999742824145155,1.8316164315246133
0.005,0.9999732987038195,0.9999742361172235,1.8362300749289575
0.005,0.9999732659069541,0.9999743806397239,1.8408437183333017
0.005,0.9999738763210811,0.9999750207927567,1.8454573617376457
0.005,0.9999751938337926,0.9999762199782772,1.8500710051419897
0.005,0.9999769969841078,0.999977797721667,1.854684648546334
0.005,0.9999788857045961,0.9999794188804185,1.8592982919506782
0.005,0.9999804438702998,0.999980732788279,1.8639119353550222
0.005,0.9999813925824297,0.9999815061085425,1.8685255787593662
0.005,0.9999816788809277,0.999981700850011,1.8731392221637104
0.005,0.9999814737383843,0.9999814738625453,1.8777528655680547
0.005,0.9999810890634468,0.9999811053119463,1.8823665089723987
0.005,0.9999808521475253,0.9999808890093976,1.8869801523767427
0.005,0.9999809876930921,0.9999810282675767,1.8915937957810869
0.005,0.9999815496887199,0.9999815746464812,1.896207439185431
0.005,0.9999824228127072,0.9999824275474403,1.9008210825897751
0.005,0.9999833855239971,0.9999833885397634,1.9054347259941191
0.005,0.9999842051454965,0.9999842448787458,1.9100483693984633
0.005,0.9999847265340766,0.9999848485890401,1.9146620128028076
0.005,0.999984922252218,0.9999851625929692,1.9192756562071516
0.005,0.999984889661728,0.999985260453984,1.9238892996114956
0.005,0.9999848014637531,0.9999852848112873,1.9285029430158398
0.005,0.9999848327692908,0.999985384336202,1.933116586420184
0.005,0.9999850941604671,0.9999856549820348,1.937730229824528
0.005,0.9999855950703045,0.9999861071154742,1.942343873228872
0.005,0.9999862482045814,0.9999866683544515,1.9469575166332163
0.005,0.9999869095046576,0.999987217685425,1.9515711600375605
0.005,0.9999874355477859,0.99998763520932,1.9561848034419045
0.005,0.9999877355989114,0.9999878475340855,1.9607984468462485
0.005,0.9999877997152957,0.9999878523284705,1.9654120902505927
0.005,0.9999876949368872,0.9999877148166771,1.970025733654937
0.005,0.9999875341032144,0.9999875400313987,1.974639377059281
0.005,0.9999874314198398,0.9999874331977511,1.979253020463625
0.005,0.9999874623186575,0.9999874637794419,1.9838666638679692
0.005,0.9999876417804772,0.9999876458509893,1.9884803072723134
0.005,0.9999879270473065,0.9999879402215724,1.9930939506766574
0.005,0.9999882410741918,0.9999882752303413,1.9977075940810014
0.0,0.9999885058222203,0.9999885766221419,2.0023212374853454
0.0,0.9999864054266789,0.9999865464709226,2.00693488088969
0.0,0.9999816476606481,0.9999819091731381,2.011548524294034
0.0,0.999973542232691,0.9999739934732161,2.016162167698378
0.0,0.9999610875278825,0.999961818346773,2.0207758111027223
0.0,0.9999430466693744,0.9999441683016821,2.0253894545070663
0.0,0.9999180140227488,0.9999196592117888,2.0300030979114103
0.0,0.9998844731695484,0.9998867957025476,2.0346167413157543
0.0,0.9998408472750316,0.999844021007176,2.0392303847200983
0.0,0.9997855426736917,0.9997897601112266,2.0438440281244428
0.0,0.9997169863982096,0.9997224569064179,2.0484576715287868
0.0,0.9996336582858506,0.9996406059837312,2.0530713149331308
0.0,0.9995341182126002,0.9995427796127506,2.0576849583374752
0.0,0.9994170289305372,0.9994276503800035,2.0622986017418192
0.0,0.9992811749185837,0.9992940098941084,2.0669122451461632
0.0,0.9991254776008767,0.9991407839098898,2.0715258885505072
0.0,0.9989490072403939,0.9989670441770842,2.0761395319548512
0.0,0.9987509917776396,0.99877201728136,2.0807531753591957
0.0,0.9985308228545164,0.9985550907154874,2.0853668187635397
0.0,0.9982880592412144,0.9983158163958591,2.0899804621678837
0.0,0.9980224278681251,0.9980539118233521,2.094594105572228
0.0,0.9977338226545098,0.9977692590767673,2.099207748976572
0.0,0.9974223013199202,0.9974619018208918,2.103821392380916
0.0,0.997088080362164,0.9971320405085713,2.10843503578526
0.0,0.9967315283859515,0.9967800259561221,2.113048679189604
0.0,0.9963531579682946,0.9964063514730331,2.1176623225939486
0.0,0.9959536162493441,0.9960116437293148,2.1222759659982926
0.0,0.9955336744398723,0.9955966525462795,2.1268896094026366
0.0,0.9950942164382982,0.9951622397982797,2.131503252806981
0.0,0.9946362267504644,0.9947093676134181,2.136116896211325
0.0,0.9941607779038276,0.9942390860600168,2.140730539615669
0.0,0.9936690175440417,0.9937525205023734,2.145344183020013
0.0,0.993162155395886,0.99325085880385,2.149957826424357
0.0,0.9926414502621035,0.9927353385475675,2.1545714698287015
0.0,0.9921081972230326,0.9922072344349708,2.1591851132330455
0.0,0.9915637151871345,0.9916678460104544,2.1637987566373895
0.0,0.9910093349279022,0.9911184858463272,2.168412400041734
0.0,0.9904463877265455,0.9905604683069935,2.173026043446078
0.0,0.9898761947226452,0.9899950989946735,2.177639686850422
0.0,0.9893000570571169,0.989423664961699,2.182253330254766
0.0,0.9887192468736803,0.9888474257568008,2.18686697365911
0.0,0.9881349992270724,0.9882676053552542,2.1914806170634544
0.0,0.9875485049287965,0.9876853850056216,2.1960942604677984
0.0,0.9869609043446306,0.9871018970095145,2.2007079038721424
0.0,0.9863732821427141,0.9865182194355184,2.205321547276487
0.0,0.9857866629770191,0.9859353717544832,2.209935190680831
0.0,0.9852020080785622,0.9853543113709149,2.214548834085175
0.0,0.9846202127159615,0.9847759310143733,2.219162477489519
0.0,0.9840421044779211,0.984201056945633,2.223776120893863
0.0,0.9834684423229623,0.9836304479249288,2.2283897642982073
0.0,0.9828999163361763,0.9830647948838731,2.2330034077025513
0.0,0.9823371481288664,0.9825047212385035,2.2376170511068953
0.0,0.9817806918145687,0.9819507837783312,2.24223069451124
0.0,0.9812310354939742,0.9814034740650636,2.246844337915584
0.0,0.9806886031815469,0.9808632202747584,2.251457981319928
0.0,0.9801537571080179,0.9803303894183323,2.256071624724272
0.0,0.9796268003352195,0.9798052898774805,2.260685268128616
0.0,0.9791079796228171,0.9792881741959829,2.2652989115329603
0.0,0.9785974884901467,0.9787792420699022,2.2699125549373043
0.0,0.9780954704205187,0.9782786434842157,2.2745261983416483
0.0,0.9776020221597861,0.9777864819477674,2.2791398417459927
0.0,0.9771171970656174,0.9773028177830068,2.2837534851503367
0.0,0.9766410084686301,0.9768276714316283,2.2883671285546807
0.0,0.9761734330112268,0.9763610267418872,2.2929807719590247
0.0,0.975714413934567,0.9759028342079249,2.2975944153633687
0.0,0.975263864288512,0.9754530141358211,2.302208058767713
0.0,0.9748216700435535,0.975011459715264,2.306821702172057
0.0,0.97438769308765,0.9745780399796307,2.311435345576401
0.0,0.973961774094473,0.9741526026408535,2.3160489889807456
0.0,0.9735437352528531,0.9737349767887393,2.3206626323850896
0.0,0.973133382850148,0.9733249754473384,2.3252762757894336
0.0,0.9727305097048525,0.9729223979835672,2.3298899191937776
0.0,0.9723348974460462,0.9725270323655658,2.3345035625981216
0.0,0.9719463186392309,0.9721386572702281,2.339117206002466
0.0,0.9715645387597538,0.9717570440409845,2.34373084940681
0.0,0.9711893180163922,0.9713819584983059,2.348344492811154
0.0,0.9708204130287796,0.9710131626064876,2.3529581362154985
0.0,0.9704575783632399,0.9706504160011632,2.3575717796198425
0.0,0.9701005679322585,0.970293477382655,2.3621854230241865
0.0,0.9697491362633122,0.969942105780759,2.3667990664285306
0.0,0.9694030396431073,0.9695960616968812,2.3714127098328746
0.0,0.9690620371434675,0.9692551081296403,2.376026353237219
0.0,0.9687258915352073,0.9689190114901283,2.380639996641563
0.0,0.9683943700963124,0.968587542413021,2.385253640045907
0.0,0.9680672453206736,0.9682604764696428,2.3898672834502515
0.0,0.9677442955334974,0.9679375947889693,2.3944809268545955
0.0,0.967425305419338,0.967618684592377,2.3990945702589395
0.0,0.9671100664684996,0.9673035396477524,2.4037082136632835
0.0,0.9667983773473526,0.9669919606483721,2.4083218570676275
0.0,0.9664900441978705,0.9666837555217308,2.412935500471972
0.0,0.9661848808714867,0.966378739673297,2.417549143876316
0.0,0.9658827091021356,0.9660767361699422,2.42216278728066
0.0,0.965583358623145,0.9657775758675949,2.4267764306850044
0.0,0.9652866672324245,0.9654810974874718,2.4313900740893484
0.0,0.9649924808102166,0.9651871476450441,2.4360037174936924
0.0,0.9647006532934812,0.964895580835732,2.4406173608980364
0.0,0.9644110466108184,0.964606259381144,2.4452310043023804
0.0,0.9641235305816633,0.9643190533395253,2.449844647706725
0.0,0.9638379827833294,0.9640338403839279,2.454458291111069
0.0,0.9635542883893297,0.9637505056514698,2.459071934515413
0.0,0.9632723399822514,0.9634689415669097,2.4636855779197573
0.0,0.9629920373443179,0.9631890476436312,2.4682992213241013
0.0,0.962713287228629,0.962910730264986,2.4729128647284453
0.0,0.9624360031139301,0.9626339024488144,2.4775265081327893
0.0,0.9621601049456108,0.9623584835978225,2.4821401515371333
0.0,0.9618855188654989,0.9620843992383589,2.4867537949414777
0.0,0.9616121769328579,0.9618115807499842,2.4913674383458217
0.0,0.9613400168388637,0.9615399650880958,2.4959810817501658
0.0,0.9610689816166662,0.9612694945017122,2.50059472515451
0.0,0.9607990193490124,0.9610001162483799,2.505208368558854
0.0,0.9605300828752347,0.9607317823080171,2.509822011963198
0.0,0.960262129499273,0.9604644490973577,2.514435655367542
0.0,0.9599951207002344,0.960198077186505,2.519049298771886
0.0,0.9597290218468528,0.9599326310189663,2.5236629421762307
0.0,0.959463801917056,0.9596680786363855,2.5282765855805747
0.0,0.959199433223711,0.9594043914090497,2.5328902289849187
0.0,0.9589358911474695,0.9591415437731101,2.537503872389263
0.0,0.9586731538775088,0.95887951297532,2.542117515793607
0.0,0.9584112021608306,0.9586182788259678,2.546731159197951
0.0,0.9581500190606587,0.9583578234605633,2.551344802602295
0.0,0.9578895897243662,0.9580981311107185,2.555958446006639
0.0,0.9576299011612545,0.9578391878845619,2.5605720894109836
0.0,0.9573709420304062,0.9575809815569282,2.5651857328153276
0.0,0.9571127024387559,0.957323501369478,2.5697993762196716
0.0,0.9568551737494316,0.9570667378408192,2.574413019624016
0.0,0.9565983484003554,0.9568106825866343,2.57902666302836
0.0,0.9563422197330316,0.9565553281497579,2.583640306432704
0.0,0.9560867818313936,0.9563006678400906,2.588253949837048
0.0,0.9558320293705368,0.9560466955841935,2.592867593241392
0.0,0.9555779574751294,0.9557934057843696,2.5974812366457365
0.0,0.9553245615872616,0.9555407931870051,2.6020948800500805
0.0,0.9550718373434703,0.9552888527599281,2.6067085234544245
0.0,0.9548197804606591,0.9550375795785113,2.611322166858769
0.0,0.9545683866306225,0.9547869687202458,2.615935810263113
0.0,0.9543176514228746,0.9545370151674988,2.620549453667457
0.0,0.9540675701954805,0.9542877137181632,2.625163097071801
0.0,0.9538181380135884,0.9540390589039113,2.629776740476145
0.0,0.9535693495753631,0.953791044915766,2.6343903838804894
0.0,0.9533211991450291,0.953543665536703,2.6390040272848334
0.0,0.9530736804927349,0.9532969140810141,2.6436176706891774
0.0,0.9528267868409601,0.9530507833401545,2.648231314093522
0.0,0.9525805108171979,0.952805265534822,2.652844957497866
0.0,0.9523348444126483,0.9525603522730105,2.65745860090221
0.0,0.9520897789466755,0.9523160345137961,2.662072244306554
0.0,0.9518453050367814,0.9520723025366213,2.666685887710898
0.0,0.9516014125738643,0.9518291459158479,2.6712995311152423
0.0,0.9513580907025316,0.951586553500358,2.6759131745195863
0.0,0.9511153278062494,0.951344513397989,2.6805268179239303
0.0,0.950873111497111,0.9511030129645922,2.6851404613282748
0.0,0.9506314286100137,0.9508620387975107,2.689754104732619
0.0,0.9503902652010379,0.9506215767332695,2.694367748136963
0.0,0.9501496065498237,0.9503816118492845,2.698981391541307
0.0,0.949909437165743,0.9501421284693884,2.703595034945651
0.0,0.9496697407976664,0.9499031101729745,2.7082086783499952
0.0,0.9494305004471242,0.9496645398075653,2.7128223217543392
0.0,0.9491916983846644,0.9494263995046054,2.7174359651586832
0.0,0.9489533161692036,0.9491886706982829,2.7220496085630277
0.0,0.9487153346701755,0.9489513341471792,2.7266632519673717
0.0,0.9484777340922745,0.9487143699585526,2.7312768953717157
0.0,0.9482404940025968,0.9484777576150509,2.7358905387760597
0.0,0.9480035933599735,0.948241476003659,2.7405041821804037
0.0,0.9477670105463059,0.9480055034466789,2.745117825584748
0.0,0.9475307233996941,0.9477698177345449,2.749731468989092
0.0,0.9472947092491733,0.9475343961602787,2.754345112393436
0.0,0.9470589449508507,0.9472992155553833,2.7589587557977806
0.0,0.9468234069252632,0.9470642523269924,2.7635723992021246
0.0,0.9465880711957604,0.9468294824960737,2.7681860426064686
0.0,0.946352913427728,0.9465948817365115,2.7727996860108126
0.0,0.9461179089684801,0.9463604254148797,2.7774133294151566
0.0,0.9458830328876362,0.9461260886307359,2.782026972819501
0.0,0.9456482600178229,0.9458918462572589,2.786640616223845
0.0,0.945413564995538,0.9456576729820758,2.791254259628189
0.0,0.9451789223020222,0.9454235433481174,2.7958679030325335
0.0,0.9449443063039922,0.9451894317943521,2.8004815464368775
0.0,0.944709691294104,0.9449553126962682,2.8050951898412215
0.0,0.9444750515310085,0.9447211604059608,2.8097088332455655
0.0,0.944240361278891,0.9444869492917115,2.8143224766499095
0.0,0.9440055948463728,0.9442526537769421,2.818936120054254
0.0,0.9437707266246826,0.9440182483784406,2.823549763458598
0.0,0.9435357311250033,0.9437837077437641,2.828163406862942
0.0,0.9433005830149064,0.9435490066877327,2.8327770502672864
0.0,0.9430652571538084,0.9433141202279404,2.8373906936716304
0.0,0.9428297286273777,0.94307902361921,2.8420043370759744
0.0,0.9425939727808379,0.9428436923869407,2.8466179804803184
0.0,0.9423579652511196,0.9426081023592903,2.8512316238846624
0.0,0.9421216819978191,0.942372229698154,2.855845267289007
0.0,0.9418850993329311,0.9421360509289026,2.860458910693351
0.0,0.9416481939493291,0.9418995429688521,2.865072554097695
0.0,0.9414109429479752,0.9416626831544433,2.8696861975020393
0.0,0.941173323863843,0.9414254492671177,2.8742998409063834
0.0,0.9409353146905467,0.941187819557875,2.8789134843107274
0.0,0.9406968939036735,0.9409497727705137,2.8835271277150714
0.0,0.940458040482819,0.94071128816355,2.8881407711194154
0.0,0.9402187339323329,0.9404723455308214,2.89275441452376
0.0,0.9399789543007795,0.9402329252207818,2.897368057928104
0.0,0.9397386821991306,0.9399930081544999,2.901981701332448
0.0,0.9394978988176972,0.9397525758423728,2.9065953447367923
0.0,0.9392565859418252,0.939511610399573,2.9112089881411363
0.0,0.9390147259663648,0.9392700945602463,2.9158226315454803
0.0,0.9387723019089401,0.9390280116904787,2.9204362749498243
0.0,0.9385292974220361,0.9387853458000548,2.9250499183541683
0.0,0.9382856968039244,0.9385420815530303,2.9296635617585127
0.0,0.9380414850084526,0.9382982042771416,2.9342772051628567
0.0,0.9377966476537215,0.938053699972073,2.9388908485672007
0.0,0.9375511710296653,0.9378085553166094,2.943504491971545
0.0,0.9373050421045709,0.9375627576746985,2.948118135375889
0.0,0.9370582485305476,0.9373162951004437,2.952731778780233
0.0,0.93681077864798,0.9370691563420567,2.957345422184577
0.0,0.9365626214889822,0.9368213308447908,2.961959065588921
0.0,0.9363137667798789,0.9365728087528831,2.9665727089932656
0.0,0.9360642049427368,0.9363235809105275,2.9711863523976096
0.0,0.9358139270959673,0.9360736388619035,2.9757999958019536
0.0,0.9355629250540296,0.9358229748502899,2.980413639206298
0.0,0.9353111913262491,0.9355715818162802,2.985027282610642
0.0,0.9350587191147818,0.9353194533951323,2.989640926014986
0.0,0.934805502311743,0.9350665839132732,2.99425456941933
0.0,0.9345515354955278,0.9348129683839843,2.998868212823674
0.0,0.9342968139263426,0.9345586025022944,3.0034818562280186
0.0,0.9340413335409758,0.934303482639104,3.0080954996323626
0.0,0.9337850909468286,0.9340476058345679,3.0127091430367066
0.0,0.9335280834152322,0.9337909697907607,3.017322786441051
0.0,0.933270308874076,0.9335335728636562,3.021936429845395
0.0,0.9330117658997712,0.9332754140544394,3.026550073249739
0.0,0.932752453708577,0.9330164930001895,3.031163716654083
0.0,0.9324923721473124,0.9327568099639503,3.035777360058427
0.0,0.9322315216834867,0.932496365824225,3.0403910034627715
0.0,0.9319699033948674,0.9322351620639209,3.0450046468671155
0.0,0.9317075189585207,0.9319732007587693,3.0496182902714595
0.0,0.9314443706393458,0.9317104845652587,3.054231933675804
0.0,0.931180461278139,0.9314470167081036,3.058845577080148
0.0,0.9309157942792086,0.9311828009672788,3.063459220484492
0.0,0.9306503735975746,0.9309178416646591,3.068072863888836
0.0,0.930384203725783,0.9306521436502821,3.07268650729318
0.0,0.9301172896803591,0.9303857122882738,3.0773001506975244
0.0,0.9298496369879365,0.9301185534424641,3.0819137941018684
0.0,0.9295812516710851,0.9298506734617249,3.0865274375062124
0.0,0.9293121402338722,0.9295820791650586,3.091141080910557
0.0,0.929042309647184,0.9293127778264709,3.095754724314901
0.0,0.9287717673338377,0.9290427771596551,3.100368367719245
0.0,0.9285005211535129,0.9287720853025192,3.104982011123589
0.0,0.9282285793875312,0.9285007108015864,3.109595654527933
0.0,0.9279559507235111,0.9282286625962921,3.1142092979322773
0.0,0.927682644239928,0.9279559500032156,3.1188229413366213
0.0,0.9274086693906016,0.9276825827002602,3.1234365847409653
0.0,0.9271340359891448,0.9274085707108226,3.1280502281453098
0.0,0.9268587541933874,0.927133924387966,3.1326638715496538
0.0,0.9265828344898122,0.9268586543986264,3.1372775149539978
0.0,0.926306287678015,0.9265827717078746,3.1418911583583418
0.0,0.9260291248552197,0.9263062875632567,3.1465048017626858
0.0,0.925751357400862,0.9260292134792337,3.15111844516703
0.0,0.9254729969612665,0.9257515612217387,3.155732088571374
0.0,0.9251940554344359,0.9254733427928717,3.160345731975718
0.0,0.924914544954964,0.9251945704157517,3.1649593753800627
0.0,0.9246344778790951,0.9249152565195335,3.1695730187844067
0.0,0.9243538667699411,0.9246354137246149,3.1741866621887507
0.0,0.9240727243828684,0.9243550548280359,3.1788003055930947
0.0,0.9237910636510691,0.9240741927890922,3.1834139489974387
0.0,0.9235088976713268,0.9237928407151642,3.188027592401783
0.0,0.9232262396899837,0.923511011847775,3.192641235806127
0.0,0.9229431030891185,0.9232287195488836,3.197254879210471
0.0,0.9226595013729442,0.9229459772874228,3.2018685226148156
0.0,0.9223754481544248,0.922662798626076,3.2064821660191596
0.0,0.9220909571421236,0.922379197208313,3.2110958094235036
0.0,0.9218060421272773,0.9220951867456711,3.2157094528278476
0.0,0.9215207169711059,0.9218107810052937,3.2203230962321916
0.0,0.9212349955923533,0.9215259937977209,3.224936739636536
0.0,0.9209488919550619,0.921240838964934,3.22955038304088
0.0,0.9206624200565794,0.9209553303686511,3.234164026445224
0.0,0.9203755939157969,0.9206694818788728,3.2387776698495685
0.0,0.9200884275616146,0.9203833073626714,3.2433913132539125
0.0,0.9198009350216324,0.920096820673224,3.2480049566582565
0.0,0.919513130311064,0.9198100356390821,3.2526186000626005
0.0,0.9192250274218671,0.9195229660536735,3.2572322434669445
0.0,0.9189366403120879,0.9192356256650305,3.261845886871289
0.0,0.9186479828954136,0.9189480281657417,3.266459530275633
0.0,0.9183590690309298,0.9186601871831158,3.271073173679977
0.0,0.918069912513074,0.9183721162695567,3.2756868170843214
0.0,0.9177805270617865,0.9180838288931394,3.2803004604886654
0.0,0.917490926312844,0.9177953384283852,3.2849141038930094
0.0,0.9172011238083828,0.9175066581472239,3.2895277472973534
0.0,0.916911132987593,0.9172178012101418,3.2941413907016974
0.0,0.9166209671775905,0.916928780657508,3.298755034106042
0.0,0.9163306395844562,0.9166396094010706,3.303368677510386
0.0,0.9160401632844375,0.9163503002156225,3.30798232091473
0.0,0.9157495512153123,0.9160608657308276,3.3125959643190743
0.0,0.9154588161679064,0.9157713184232021,3.3172096077234183
0.0,0.915167970777765,0.9154816706082507,3.3218232511277623
0.0,0.9148770275169738,0.9151919344327488,3.3264368945321063
0.0,0.9145859986861269,0.9149021218671707,3.3310505379364503
0.0,0.9142948964064391,0.9146122446982572,3.335664181340795
0.0,0.9140037326120034,0.914322314521725,3.340277824745139
0.0,0.9137125190421868,0.9140323427351081,3.344891468149483
0.0,0.9134212672341715,0.9137423405307386,3.3495051115538272
0.0,0.9131299885156325,0.9134523188888573,3.3541187549581712
0.0,0.9128386939975609,0.9131622885708581,3.3587323983625152
0.0,0.9125473945672217,0.9128722601126643,3.3633460417668593
0.0,0.9122561008812611,0.9125822438182376,3.3679596851712033
0.0,0.9119648233589501,0.9122922497532184,3.3725733285755477
0.0,0.9116735721755778,0.9120022877387002,3.3771869719798917
0.0,0.9113823572559876,0.9117123673451385,3.3818006153842357
0.0,0.9110911882682649,0.9114224978863958,3.38641425878858
0.0,0.9108000746175726,0.9111326884139243,3.391027902192924
0.0,0.9105090254401442,0.9108429477110884,3.395641545597268
0.0,0.9102180495974289,0.9105532842876305,3.400255189001612
0.0,0.9099271556703994,0.9102637063742797,3.404868832405956
0.0,0.9096363519540207,0.909974221917511,3.4094824758103006
0.0,0.9093456464518845,0.9096848385744524,3.4140961192146446
0.0,0.9090550468710115,0.9093955637079465,3.4187097626189886
0.0,0.9087645606168286,0.9091064043817698,3.423323406023333
0.0,0.9084741947883178,0.9088173673560094,3.427937049427677
0.0,0.9081839561733454,0.9085284590826039,3.432550692832021
0.0,0.9078938512441727,0.9082396857010511,3.437164336236365
0.0,0.9076038861531501,0.9079510530342824,3.441777979640709
0.0,0.9073140667286007,0.9076625665847109,3.4463916230450535
0.0,0.9070243984708912,0.9073742315304539,3.4510052664493975
0.0,0.9067348865486975,0.9070860527217331,3.4556189098537415
0.0,0.9064455357954654,0.9067980346774541,3.460232553258086
0.0,0.9061563507060655,0.9065101815819709,3.46484619666243
0.0,0.9058673354336524,0.9062224972820321,3.469459840066774
0.0,0.9055784937867197,0.9059349852839175,3.474073483471118
0.0,0.9052898292263598,0.9056476487507613,3.478687126875462
0.0,0.9050013448637266,0.9053604905000671,3.4833007702798064
0.0,0.9047130434577021,0.9050735130014134,3.4879144136841504
0.0,0.904424927412768,0.9047867183743551,3.4925280570884945
0.0,0.9041369987770833,0.9045001083865154,3.497141700492839
0.0,0.9038492592407656,0.9042136844518764,3.501755343897183
0.0,0.9035617101343797,0.9039274476292607,3.506368987301527
0.0,0.9032743524276288,0.9036413986210131,3.510982630705871
0.0,0.9029871867282517,0.9033555377718737,3.515596274110215
0.0,0.9027002132811214,0.903069865068049,3.5202099175145594
0.0,0.902413431967547,0.9027843801364756,3.5248235609189034
0.0,0.9021268423047755,0.9024990822442801,3.5294372043232474
0.0,0.9018404434456915,0.9022139702984301,3.534050847727592
0.0,0.9015542341787169,0.9019290428455782,3.538664491131936
0.0,0.9012682129279014,0.9016442980720965,3.54327813453628
0.0,0.90098237775321,0.9013597338042999,3.547891777940624
0.0,0.9006967263509983,0.9010753475088583,3.552505421344968
0.0,0.9004112560546779,0.9007911362933929,3.5571190647493123
0.0,0.9001259638355645,0.9005070969072577,3.5617327081536563
0.0,0.8998408463039127,0.9002232257425019,3.5663463515580003
0.0,0.899555899710127,0.8999395188350139,3.5709599949623447
0.0,0.8992711199461525,0.89965597186584,3.5755736383666887
0.0,0.8989865025470403,0.8993725801626814,3.5801872817710327
0.0,0.8987020426926808,0.8990893387015625,3.5848009251753767
0.0,0.8984177352097108,0.8988062421086706,3.5894145685797207
0.0,0.8981335745735827,0.8985232846623634,3.594028211984065
0.0,0.8978495549107959,0.8982404602953432,3.598641855388409
0.0,0.897565670001292,0.8979577625969939,3.603255498792753
0.0,0.8972819132810033,0.8976751848158799,3.6078691421970976
0.0,0.8969982778445582,0.8973927198624035,3.6124827856014416
0.0,0.8967147564481365,0.8971103603116191,3.6170964290057857
0.0,0.8964313415124762,0.8968280984062017,3.6217100724101297
0.0,0.8961480251260248,0.8965459260595691,3.6263237158144737
0.0,0.8958647990482371,0.896263834859151,3.630937359218818
0.0,0.8955816547130135,0.8959818160698101,3.635551002623162
0.0,0.8952985832322813,0.8956998606374074,3.640164646027506
0.0,0.8950155753997097,0.8954179591925121,3.6447782894318506
0.0,0.8947326216945654,0.8951361020542548,3.6493919328361946
0.0,0.8944497122857012,0.8948542792343205,3.6540055762405386
0.0,0.894166837035677,0.8945724804410836,3.6586192196448826
0.0,0.893883985505014,0.894290695083878,3.6632328630492266
0.0,0.8936011469565781,0.8940089122774059,3.667846506453571
0.0,0.8933183103600912,0.8937271208462797,3.672460149857915
0.0,0.893035464396774,0.893445309329701,3.677073793262259
0.0,0.892752597464112,0.8931634659862693,3.6816874366666035
0.0,0.8924696976807498,0.8928815787989248,3.6863010800709475
0.0,0.8921867528915097,0.8925996354800191,3.6909147234752915
0.0,0.8919037506725345,0.8923176234765188,3.6955283668796355
0.0,0.891620678336555,0.8920355299753343,3.7001420102839795
0.0,0.8913375229382792,0.8917533419087785,3.704755653688324
0.0,0.8910542712799051,0.8914710459601496,3.709369297092668
0.0,0.8907709099167536,0.8911886285694408,3.713982940497012
0.0,0.8904874251630237,0.8909060759391733,3.7185965839013564
0.0,0.8902038030976673,0.8906233740403521,3.7232102273057004
0.0,0.8899200295703827,0.8903405086185436,3.7278238707100444
0.0,0.889636090207728,0.8900574652000727,3.7324375141143884
0.0,0.8893519704193501,0.8897742290983381,3.7370511575187324
0.0,0.8890676554043317,0.8894907854202457,3.741664800923077
0.0,0.8887831301576508,0.8892071190727561,3.746278444327421
0.0,0.8884983794767577,0.8889232147695434,3.750892087731765
0.0,0.8882133879682583,0.8886390570377668,3.7555057311361093
0.0,0.8879281400547123,0.8883546302249481,3.7601193745404533
0.0,0.8876426199815362,0.8880699185059564,3.7647330179447973
0.0,0.8873568118240112,0.887784905890092,3.7693466613491413
0.0,0.8870706994943955,0.8874995762282708,3.7739603047534853
0.0,0.8867842667491349,0.8872139132203041,3.7785739481578298
0.0,0.8864974971961693,0.8869279004222674,3.7831875915621738
0.0,0.8862103743023314,0.8866415212539569,3.7878012349665178
0.0,0.8859228814008344,0.8863547590064276,3.792414878370862
0.0,0.8856350016988428,0.8860675968496086,3.7970285217752062
0.0,0.8853467182851232,0.8857800178399898,3.8016421651795502
0.0,0.8850580141377669,0.8854920049283728,3.8062558085838942
0.0,0.8847688721319831,0.8852035409676836,3.8108694519882382
0.0,0.8844792750479524,0.8849146087208354,3.8154830953925827
0.0,0.8841892055787373,0.8846251908686407,3.8200967387969267
0.0,0.8838986463382401,0.884335270017757,3.8247103822012707
0.0,0.8836075798692051,0.8840448287086707,3.829324025605615
0.0,0.883315988651252,0.8837538494236963,3.833937669009959
0.0,0.883023855108938,0.8834623145949955,3.838551312414303
0.0,0.8827311616198369,0.8831702066126011,3.843164955818647
0.0,0.8824378905226276,0.8828775078324367,3.847778599222991
0.0,0.8821440241251826,0.8825842005843255,3.8523922426273356
0.0,0.8818495447126496,0.8822902671799776,3.8570058860316796
0.0,0.8815544345555125,0.8819956899209451,3.8616195294360236
0.0,0.8812586759176257,0.8817004511065374,3.866233172840368
0.0,0.8809622510642112,0.8814045330416846,3.870846816244712
0.0,0.8806651422698063,0.8811079180447401,3.875460459649056
0.0,0.880367331826154,0.8808105884552114,3.8800741030534
0.0,0.8800688020500268,0.8805125266414114,3.884687746457744
0.0,0.8797695352909687,0.8802137150080154,3.8893013898620885
0.0,0.8794695139389512,0.879914136003518,3.8939150332664325
0.0,0.8791687204319303,0.8796137721275789,3.8985286766707765
0.0,0.8788671372632916,0.8793126059382464,3.903142320075121
0.0,0.8785647469891809,0.8790106200590505,3.907755963479465
0.0,0.8782615322357037,0.8787077971859564,3.912369606883809
0.0,0.8779574757059868,0.8784041200941667,3.916983250288153
0.0,0.8776525601870934,0.8780995716447697,3.921596893692497
0.0,0.8773467685567833,0.8777941347912186,3.9262105370968414
0.0,0.8770400837901071,0.8774877925856379,3.9308241805011854
0.0,0.8767324889658316,0.877180528184951,3.9354378239055294
0.0,0.8764239672726819,0.8768723248568177,3.940051467309874
0.0,0.8761145020154018,0.8765631659853809,3.944665110714218
0.0,0.8758040766206181,0.8762530350768118,3.949278754118562
0.0,0.8754926746425112,0.8759419157646553,3.953892397522906
0.0,0.8751802797682791,0.8756297918149629,3.95850604092725
0.0,0.8748668758233966,0.8753166471312204,3.9631196843315943
0.0,0.874552446776664,0.875002465759057,3.9677333277359383
0.0,0.8742369767450415,0.8746872318907423,3.9723469711402823
0.0,0.8739204499982688,0.8743709298694653,3.976960614544627
0.0,0.8736028509632676,0.8740535441933968,3.981574257948971
0.0,0.8732841642283267,0.8737350595195364,3.986187901353315
0.0,0.8729643745470703,0.8734154606673425,3.990801544757659
0.0,0.8726434668422091,0.8730947326221508,3.995415188162003
0.0,0.8723214262090762,0.8727728605383794,4.000028831566347
0.0,0.8719982379189517,0.8724498297425306,4.004642474970691
0.0,0.8716738874221754,0.8721256257359842,4.009256118375036
0.0,0.8713483603510555,0.871800234197595,4.01386976177938
0.0,0.8710216425225722,0.871473640986096,4.018483405183724
0.0,0.870693719940887,0.8711458321423112,4.023097048588068
0.0,0.8703645787996559,0.8708167938911895,4.027710691992412
0.0,0.8700342054841593,0.8704865126436593,4.032324335396756
0.0,0.8697025865732471,0.8701549749983161,4.0369379788011
0.0,0.8693697088411123,0.8698221677429486,4.041551622205445
0.0,0.8690355592588936,0.8694880778559086,4.046165265609789
0.0,0.8687001249961188,0.8691526925073345,4.050778909014133
0.0,0.8683633934219906,0.8688159990602358,4.055392552418477
0.0,0.868025352106527,0.8684779850714439,4.060006195822821
0.0,0.8676859888215589,0.868138638292441,4.064619839227165
0.0,0.8673452915415933,0.8677979466700667,4.069233482631509
0.0,0.8670032484445498,0.867455898347119,4.073847126035853
0.0,0.8666598479123733,0.867112481662849,4.078460769440197
0.0,0.8663150785315334,0.8667676851533584,4.0830744128445415
0.0,0.8659689290934132,0.8664214975519052,4.0876880562488855
0.0,0.8656213885945923,0.866073907789125,4.0923016996532295
0.0,0.8652724462370319,0.8657249049931696,4.0969153430575735
0.0,0.864922091428165,0.8653744784897701,4.1015289864619175
0.0,0.8645703137808911,0.8650226178022249,4.1061426298662616
0.0,0.864217103113488,0.864669312651321,4.1107562732706056
0.0,0.8638624494494335,0.864314552955184,4.1153699166749504
0.0,0.8635063430171459,0.8639583288290659,4.1199835600792944
0.0,0.8631487742496404,0.8636006305850654,4.1245972034836385
0.0,0.8627897337841046,0.8632414487317843,4.1292108468879825
0.0,0.8624292124613928,0.8628807739739175,4.1338244902923265
0.0,0.8620672013254355,0.8625185972117804,4.1384381336966705
0.0,0.8617036916225688,0.8621549095407626,4.1430517771010145
0.0,0.8613386748007752,0.8617897022507145,4.1476654205053585
0.0,0.8609721425088382,0.8614229668252583,4.1522790639097025
0.0,0.8606040865954061,0.8610546949410216,4.156892707314047
0.0,0.86023449910796,0.8606848784667891,4.161506350718391
0.0,0.8598633722916863,0.860313509462565,4.166119994122735
0.0,0.8594906985882436,0.8599405801785475,4.170733637527079
0.0,0.8591164706344265,0.8595660830539993,4.175347280931423
0.0,0.8587406812607126,0.8591900107160203,4.179960924335767
0.0,0.8583633234896983,0.8588123559782075,4.184574567740111
0.0,0.8579843905344081,0.858433111839198,4.189188211144456
0.0,0.8576038757964799,0.8580522714810914,4.1938018545488
0.0,0.8572217728642151,0.8576698282677424,4.198415497953144
0.0,0.8568380755104955,0.8572857757429196,4.203029141357488
0.0,0.8564527776905542,0.8569001076283224,4.207642784761832
0.0,0.8560658735396021,0.8565128178214524,4.212256428166176
0.0,0.8556773573703043,0.8561239003933324,4.21687007157052
0.0,0.8552872236700997,0.8557333495860705,4.221483714974864
0.0,0.8548954670983654,0.8553411598102606,4.226097358379208
0.0,0.8545020824834189,0.8549473256422219,4.230711001783553
0.0,0.8541070648193588,0.8545518418210661,4.235324645187897
0.0,0.8537104092627411,0.8541547032456005,4.239938288592241
0.0,0.8533121111290909,0.8537559049710535,4.244551931996585
0.0,0.8529121658892492,0.8533554422056324,4.249165575400929
0.0,0.8525105691655563,0.8529533103069067,4.253779218805273
0.0,0.8521073167278738,0.8525495047780187,4.258392862209617
0.0,0.8517024044894437,0.8521440212637291,4.263006505613962
0.0,0.8512958285025962,0.8517368555462902,4.267620149018306
0.0,0.8508875849543007,0.8513280035411609,4.27223379242265
0.0,0.8504776701615726,0.8509174612925601,4.276847435826994
0.0,0.8500660805667362,0.8505052249688697,4.281461079231338
0.0,0.8496528127325556,0.8500912908578889,4.286074722635682
0.0,0.8492378633372362,0.8496756553619512,4.290688366040026
0.0,0.8488212291693078,0.8492583149929096,4.29530200944437
0.0,0.8484029071223972,0.8488392663669988,4.299915652848714
0.0,0.8479828941898981,0.8484185061995864,4.304529296253059
0.0,0.8475611874595534,0.8479960312998216,4.309142939657403
0.0,0.8471377841079526,0.8475718385651899,4.313756583061747
0.0,0.8467126813949615,0.8471459249759902,4.318370226466091
0.0,0.8462858766580927,0.8467182875897419,4.322983869870435
0.0,0.8458573673068286,0.8462889235355353,4.327597513274779
0.0,0.8454271508169063,0.8458578300083376,4.332211156679123
0.0,0.8449952247245818,0.8454250042632667,4.336824800083468
0.0,0.8445615866208769,0.8449904436098458,4.341438443487812
0.0,0.8441262341458271,0.844554145406248,4.346052086892156
0.0,0.8436891649827363,0.8441161070535488,4.3506657302965
0.0,0.843250376852454,0.8436763259899933,4.355279373700844
0.0,0.8428098675076784,0.8432347996852888,4.359893017105188
0.0,0.8423676347273037,0.8427915256349404,4.364506660509532
0.0,0.8419236763108117,0.8423465013546311,4.369120303913876
0.0,0.841477990072723,0.8418997243746621,4.37373394731822
0.0,0.8410305738371096,0.8414511922344612,4.378347590722565
0.0,0.8405814254321813,0.8410009024771626,4.382961234126909
0.0,0.8401305426849445,0.8405488526442735,4.387574877531253
0.0,0.8396779234159433,0.8400950402704221,4.392188520935597
0.0,0.8392235654340847,0.8396394628782045,4.396802164339941
0.0,0.838767466531547,0.839182117973122,4.401415807744285
0.0,0.8383096244787764,0.83872300303862,4.406029451148629
0.0,0.8378500370195712,0.838262115531224,4.410643094552974
0.0,0.8373887018662457,0.837799452875776,4.415256737957318
0.0,0.83692561669488,0.8373350124607669,4.419870381361662
0.0,0.8364607791406444,0.8368687916337646,4.424484024766006
0.0,0.8359941867931955,0.8364007876969299,4.42909766817035
0.0,0.8355258371921375,0.8359309979026188,4.433711311574694
0.0,0.8350557278225368,0.8354594194490603,4.438324954979038
0.0,0.8345838561104879,0.834986049476104,4.442938598383382
0.0,0.8341102194187107,0.8345108850610266,4.447552241787726
0.0,0.8336348150421754,0.8340339232143862,4.452165885192071
0.0,0.8331576402037357,0.8335551608759152,4.456779528596415
0.0,0.8326786920497635,0.8330745949104341,4.461393172000759
0.0,0.8321979676457623,0.8325922221037757,4.466006815405103
0.0,0.8317154639719511,0.8321080391587059,4.470620458809447
0.0,0.8312311779187986,0.8316220426908195,4.475234102213791
0.0,0.8307451062824907,0.8311342292244024,4.479847745618135
0.0,0.8302572457603173,0.8306445951882372,4.48446138902248
0.0,0.8297675929459589,0.830153136911338,4.489075032426824
0.0,0.8292761443246526,0.8296598506185965,4.493688675831168
0.0,0.8287828962682271,0.8291647324263202,4.498302319235512
0.0,0.8282878450299822,0.8286677783376465,4.502915962639856
0.0,0.827790986739398,0.8281689842378154,4.5075296060442
0.0,0.8272923173966598,0.8276683458892814,4.512143249448544
0.0,0.8267918328669772,0.8271658589266512,4.516756892852888
0.0,0.826289528874688,0.8266615188514278,4.521370536257232
0.0,0.8257854009971262,0.8261553210265478,4.5259841796615765
0.0,0.8252794446582475,0.8256472606706985,4.5305978230659205
0.0,0.8247716551219952,0.8251373328523988,4.5352114664702645
0.0,0.8242620274853967,0.8246255324838336,4.5398251098746085
0.0,0.8237505566713843,0.824111854314433,4.5444387532789525
0.0,0.8232372374213308,0.823596292924186,4.5490523966832965
0.0,0.8227220642872947,0.8230788427166805,4.5536660400876405
0.0,0.8222050316239702,0.8225594979118671,4.558279683491985
0.0,0.8216861335803468,0.8220382525385435,4.562893326896329
0.0,0.8211653640910694,0.821515100426557,4.567506970300673
0.0,0.8206427168675128,0.8209900351987285,4.572120613705017
0.0,0.8201181853885691,0.8204630502624994,4.576734257109361
0.0,0.81959176289116,0.8199341388013128,4.581347900513705
0.0,0.8190634423604837,0.8194032937657323,4.585961543918049
0.0,0.8185332165200121,0.8188705078643144,4.5905751873223934
0.0,0.8180010778212532,0.8183357735542468,4.5951888307267375
0.0,0.8174670184332956,0.8177990830317706,4.599802474131082
0.0,0.8169310302321671,0.8172604282224073,4.604416117535426
0.0,0.8163931047900197,0.8167198007710122,4.60902976093977
0.0,0.8158532333641789,0.8161771920316812,4.613643404344114
0.0,0.8153114068860848,0.815632593057538,4.618257047748458
0.0,0.8147676159501581,0.8150859945904381,4.622870691152802
0.0,0.8142218508026291,0.8145373870506157,4.627484334557146
0.0,0.8136741013303688,0.8139867605263192,4.632097977961491
0.0,0.8131243570497647,0.8134341047634711,4.636711621365835
0.0,0.8125726070956842,0.8128794091553935,4.641325264770179
0.0,0.8120188402105761,0.8123226627326475,4.645938908174523
0.0,0.8114630447337567,0.8117638541530331,4.650552551578867
0.0,0.8109052085909357,0.8112029716917977,4.655166194983211
0.0,0.810345319284032,0.8106400032321078,4.659779838387555
0.0,0.8097833638813408,0.8100749362558364,4.664393481791899
0.0,0.8092193290081062,0.8095077578347228,4.669007125196243
0.0,0.8086532008375606,0.8089384546219632,4.673620768600588
0.0,0.8080849650824922,0.8083670128442897,4.678234412004932
0.0,0.8075146069874031,0.8077934182945996,4.682848055409276
0.0,0.8069421113213231,0.8072176563251997,4.68746169881362
0.0,0.8063674623713412,0.8066397118417219,4.692075342217964
0.0,0.8057906439369229,0.8060595692977793,4.696688985622308
0.0,0.8052116393250786,0.8054772126904274,4.701302629026652
0.0,0.8046304313464483,0.8048926255564886,4.705916272430997
0.0,0.8040470023123699,0.8043057909698123,4.710529915835341
0.0,0.8034613340329959,0.8037166915395283,4.715143559239685
0.0,0.802873407816524,0.8031253094093622,4.719757202644029
0.0,0.8022832044696075,0.8025316262580707,4.724370846048373
0.0,0.8016907042990054,0.8019356233010629,4.728984489452717
0.0,0.8010958871145357,0.8013372812932644,4.733598132857061
0.0,0.8004987322333956,0.8007365805332849,4.738211776261405
0.0,0.7998992184858967,0.8001335008689454,4.742825419665749
0.0,0.7992973242226817,0.7995280217042169,4.747439063070094
0.0,0.7986930273234674,0.7989201220076244,4.752052706474438
0.0,0.7980863052073652,0.7983097803221632,4.756666349878782
0.0,0.7974771348448286,0.7976969747767714,4.761279993283126
0.0,0.7968654927712635,0.7970816830994005,4.76589363668747
0.0,0.7962513551023421,0.7964638826317217,4.770507280091814
0.0,0.7956346975510565,0.795843550345495,4.775120923496158
0.0,0.7950154954465332,0.7952206628606348,4.779734566900503
0.0,0.7943937237546342,0.794595196464988,4.784348210304847
0.0,0.7937693571003659,0.7939671271358445,4.788961853709191
0.0,0.7931423697920958,0.7933364305631864,4.793575497113535
0.0,0.7925127358475902,0.7927030821746817,4.798189140517879
0.0,0.7918804290218652,0.7920670571624172,4.802802783922223
0.0,0.7912454228368399,0.7914283305113613,4.807416427326567
0.0,0.7906076906127764,0.7907868770295363,4.812030070730911
0.0,0.7899672055014758,0.7901426713798761,4.816643714135255
0.0,0.7893239405211994,0.7894956881137319,4.8212573575396
0.0,0.7886778685932684,0.7888459017059863,4.825871000943944
0.0,0.7880289625802914,0.788193286591721,4.830484644348288
0.0,0.7873771953259565,0.7875378172043799,4.835098287752632
0.0,0.7867225396963196,0.7868794680153565,4.839711931156976
0.0,0.7860649686225039,0.7862182135749282,4.84432557456132
0.0,0.7854044551447255,0.785554028554448,4.848939217965664
0.0,0.7847409724575438,0.7848868877896987,4.853552861370009
0.0,0.7840744939562261,0.7842167663253004,4.858166504774353
0.0,0.7834049932841096,0.7835436394600601,4.862780148178697
0.0,0.7827324443808369,0.7828674827931382,4.867393791583041
0.0,0.7820568215313213,0.7821882722708963,4.872007434987385
0.0,0.7813780994153072,0.7815059842342926,4.876621078391729
0.0,0.780696253157364,0.7808205954666738,4.881234721796073
0.0,0.7800112583771628,0.7801320832418079,4.885848365200417
0.0,0.7793230912398612,0.7794404253719999,4.890462008604761
0.0,0.7786317285064328,0.7787456002561223,4.895075652009106
0.0,0.7779371475837575,0.7780475869273924,4.89968929541345
0.0,0.7772393265742947,0.7773463651007163,4.904302938817794
0.0,0.7765382443251554,0.7766419152194279,4.908916582222138
0.0,0.7758338804763864,0.7759342185012411,4.913530225626482
0.0,0.7751262155082781,0.7752232569832352,4.918143869030826
0.0,0.774415230787514,0.7745090135656959,4.92275751243517
0.0,0.7737009086119722,0.7737914720546349,4.927371155839515
0.0,0.772983232254,0.7730706172028124,4.931984799243859
0.0,0.7722621860019844,0.7723464347490961,4.936598442648203
0.0,0.771537755200046,0.7716189114559908,4.941212086052547
0.0,0.7708099262856938,0.7708880351451836,4.945825729456891
0.0,0.7700786868252829,0.7701537947309579,4.950439372861235
0.0,0.7693440255471328,0.7694161802513347,4.955053016265579
0.0,0.768605932372167,0.7686751828968185,4.959666659669923
0.0,0.7678643984419566,0.767930795036628,4.964280303074267
0.0,0.7671194161440547,0.7671830102423155,4.9688939464786115
0.0,0.7663709791345297,0.7664318233086801,4.9735075898829555
0.0,0.7656190823576161,0.7656772302719063,4.9781212332872995
0.0,0.7648637220624221,0.7649192284248705,4.9827348766916435
0.0,0.7641048958166442,0.7641578163295691,4.9873485200959875
0.0,0.7633426025172609,0.76339299382665,4.9919621635003315
0.0,0.7625768423981935,0.7626247620420332,4.9965758069046755
0.0,0.7618076170349362,0.7618531233906317,5.00118945030902
0.0,0.7610349293461816,0.7610780815771965,5.005803093713364
0.0,0.7602587835924766,0.760299641594329,5.010416737117708
0.0,0.759479185371968,0.7595178097177137,5.015030380522052
0.0,0.7586961416133063,0.7587325934986484,5.019644023926396
0.0,0.7579096605657963,0.7579440017539548,5.02425766733074
0.0,0.7571197517868942,0.7571520445533694,5.028871310735084
0.0,0.756326426127166,0.7563567332045318,5.033484954139428
0.0,0.7555296957128328,0.7555580802356872,5.038098597543772
0.0,0.754729573926036,0.7547560993762412,5.042712240948117
0.0,0.7539260753829725,0.7539508055353067,5.047325884352461
0.0,0.7531192159100496,0.7531422147783915,5.051939527756805
0.0,0.7523090125182161,0.752330344302381,5.056553171161149
0.0,0.7514954833756375,0.7515152124089729,5.061166814565493
0.0,0.750678647778876,0.7506968384767244,5.065780457969837
0.0,0.7498585261227444,0.749875242931873,5.070394101374181
0.0,0.7490351398689987,0.7490504472180888,5.075007744778526
0.0,0.7482085115140364,0.7482224737653186,5.07962138818287
0.0,0.7473786645557571,0.7473913459578733,5.084235031587214
0.0,0.7465456234597441,0.7465570881019084,5.088848674991558
0.0,0.7457094136249174,0.7457197253924412,5.093462318395902
0.0,0.744870061348801,0.7448792838800397,5.098075961800246
0.0,0.7440275937925378,0.7440357904373098,5.10268960520459
0.0,0.7431820389457813,0.7431892727253032,5.107303248608934
0.0,0.7423334255915784,0.7423397591599512,5.111916892013278
0.0,0.7414817832713524,0.7414872788786262,5.116530535417623
0.0,0.7406271422500794,0.74063186170692,5.121144178821967
0.0,0.7397695334817485,0.7397735381257167,5.125757822226311
0.0,0.7389089885751745,0.7389123392386295,5.130371465630655
0.0,0.7380455397602339,0.7380482967398578,5.134985109034999
0.0,0.7371792198545735,0.7371814428825144,5.139598752439343
0.0,0.7363100622308358,0.7363118104474561,5.144212395843687
0.0,0.7354381007844386,0.7354394327126521,5.148826039248032
0.0,0.7345633699019272,0.7345643434231044,5.153439682652376
0.0,0.7336859044299213,0.7336865767613328,5.15805332605672
0.0,0.7328057396446604,0.7328061673184277,5.162666969461064
0.0,0.7319229112221488,0.7319231500656691,5.167280612865408
0.0,0.7310374552088963,0.7310375603266966,5.171894256269752
0.0,0.7301494079932391,0.7301494337502236,5.176507899674096
0.0,0.7292588062772283,0.7292588062832643,5.18112154307844
0.0,0.7283656870490598,0.7283657141448622,5.185735186482784
0.0,0.7274700875560254,0.7274701938002833,5.190348829887129
0.0,0.7265720452779543,0.7265722819356505,5.194962473291473
0.0,0.7256715979011181,0.7256720154329845,5.199576116695817
0.0,0.7247687832925649,0.7247694313456239,5.204189760100161
0.0,0.7238636394748548,0.7238645668739858,5.208803403504505
0.0,0.7229562046011614,0.7229574593416401,5.213417046908849
